image_names,real class,prediction class,0.6343333333333333
AncestorDinoArt_001.jpg,AncestorDinoArt,AncestorDinoArt
AncestorDinoArt_005.jpg,AncestorDinoArt,AncestorDinoArt
AncestorDinoArt_009.jpg,AncestorDinoArt,AncestorDinoArt
AncestorDinoArt_013.jpg,AncestorDinoArt,AncestorDinoArt
AncestorDinoArt_017.jpg,AncestorDinoArt,AncestorDinoArt
AncestorDinoArt_022.jpg,AncestorDinoArt,AncestorDinoArt
AncestorDinoArt_023.jpg,AncestorDinoArt,AncestorDinoArt
AncestorDinoArt_024.jpg,AncestorDinoArt,AncestorDinoArt
AncestorDinoArt_026.jpg,AncestorDinoArt,AncestorDinoArt
AncestorDinoArt_031.jpg,AncestorDinoArt,AncestorDinoArt
AncestorDinoArt_034.jpg,AncestorDinoArt,AncestorDinoArt
AncestorDinoArt_040.jpg,AncestorDinoArt,AncestorDinoArt
AncestorDinoArt_046.jpg,AncestorDinoArt,AncestorDinoArt
AncestorDinoArt_051.jpg,AncestorDinoArt,AncestorDinoArt
AncestorDinoArt_056.jpg,AncestorDinoArt,AncestorDinoArt
AncestorDinoArt_058.jpg,AncestorDinoArt,AncestorDinoArt
AncestorDinoArt_060.jpg,AncestorDinoArt,AncestorDinoArt
AncestorDinoArt_073.jpg,AncestorDinoArt,AncestorDinoArt
AncestorDinoArt_075.jpg,AncestorDinoArt,AncestorDinoArt
AncestorDinoArt_084.jpg,AncestorDinoArt,AncestorDinoArt
AncestorDinoArt_085.jpg,AncestorDinoArt,AncestorDinoArt
AncestorDinoArt_086.jpg,AncestorDinoArt,AncestorDinoArt
AncestorDinoArt_094.jpg,AncestorDinoArt,AncestorDinoArt
AncestorDinoArt_095.jpg,AncestorDinoArt,AncestorDinoArt
AncestorDinoArt_096.jpg,AncestorDinoArt,AncestorDinoArt
AncestorDinoArt_097.jpg,AncestorDinoArt,AncestorDinoArt
AncestorDinoArt_105.jpg,AncestorDinoArt,AncestorDinoArt
AncestorDinoArt_107.jpg,AncestorDinoArt,AncestorDinoArt
AncestorDinoArt_108.jpg,AncestorDinoArt,AncestorDinoArt
AncestorDinoArt_110.jpg,AncestorDinoArt,AncestorDinoArt
AncestorDinoArt_111.jpg,AncestorDinoArt,AncestorDinoArt
AncestorDinoArt_112.jpg,AncestorDinoArt,AncestorDinoArt
AncestorDinoArt_116.jpg,AncestorDinoArt,AncestorDinoArt
AncestorDinoArt_117.jpg,AncestorDinoArt,AncestorDinoArt
AncestorDinoArt_119.jpg,AncestorDinoArt,AncestorDinoArt
AncestorDinoArt_122.jpg,AncestorDinoArt,AncestorDinoArt
AncestorDinoArt_129.jpg,AncestorDinoArt,AncestorDinoArt
AncestorDinoArt_132.jpg,AncestorDinoArt,AncestorDinoArt
AncestorDinoArt_134.jpg,AncestorDinoArt,BWimage
AncestorDinoArt_136.jpg,AncestorDinoArt,AncestorDinoArt
AncestorDinoArt_140.jpg,AncestorDinoArt,AncestorDinoArt
AncestorDinoArt_141.jpg,AncestorDinoArt,AncestorDinoArt
AncestorDinoArt_142.jpg,AncestorDinoArt,AncestorDinoArt
AncestorDinoArt_145.jpg,AncestorDinoArt,AncestorDinoArt
AncestorDinoArt_150.jpg,AncestorDinoArt,AncestorDinoArt
AncestorDinoArt_151.jpg,AncestorDinoArt,AncestorDinoArt
AncestorDinoArt_152.jpg,AncestorDinoArt,AncestorDinoArt
AncestorDinoArt_154.jpg,AncestorDinoArt,AncestorDinoArt
AncestorDinoArt_156.jpg,AncestorDinoArt,AncestorDinoArt
AncestorDinoArt_162.jpg,AncestorDinoArt,Tiger
AncestorDinoArt_163.jpg,AncestorDinoArt,AncestorDinoArt
AncestorDinoArt_165.jpg,AncestorDinoArt,AncestorDinoArt
AncestorDinoArt_168.jpg,AncestorDinoArt,AncestorDinoArt
AncestorDinoArt_170.jpg,AncestorDinoArt,AncestorDinoArt
AncestorDinoArt_171.jpg,AncestorDinoArt,AncestorDinoArt
AncestorDinoArt_172.jpg,AncestorDinoArt,AncestorDinoArt
AncestorDinoArt_181.jpg,AncestorDinoArt,AncestorDinoArt
AncestorDinoArt_186.jpg,AncestorDinoArt,AncestorDinoArt
AncestorDinoArt_194.jpg,AncestorDinoArt,AncestorDinoArt
AncestorDinoArt_196.jpg,AncestorDinoArt,AncestorDinoArt
Archit_009.jpg,Archit,Mountain
Archit_010.jpg,Archit,Castle
Archit_017.jpg,Archit,Elephant
Archit_025.jpg,Archit,Archit
Archit_034.jpg,Archit,Doors
Archit_036.jpg,Archit,Archit
Archit_038.jpg,Archit,Archit
Archit_040.jpg,Archit,Archit
Archit_049.jpg,Archit,Beach
Archit_051.jpg,Archit,Archit
Archit_052.jpg,Archit,Archit
Archit_053.jpg,Archit,Archit
Archit_062.jpg,Archit,Archit
Archit_063.jpg,Archit,Beach
Archit_064.jpg,Archit,Indoor
Archit_067.jpg,Archit,Indoor
Archit_069.jpg,Archit,Castle
Archit_071.jpg,Archit,Archit
Archit_074.jpg,Archit,Archit
Archit_075.jpg,Archit,Doors
Archit_077.jpg,Archit,Group
Archit_080.jpg,Archit,Penguin
Archit_081.jpg,Archit,Desert
Archit_085.jpg,Archit,Doors
Archit_090.jpg,Archit,Group
Archit_091.jpg,Archit,Archit
Archit_095.jpg,Archit,Archit
Archit_096.jpg,Archit,Archit
Archit_099.jpg,Archit,BWimage
Archit_101.jpg,Archit,Bus
Archit_104.jpg,Archit,Bus
Archit_110.jpg,Archit,Castle
Archit_117.jpg,Archit,Mountain
Archit_118.jpg,Archit,Archit
Archit_119.jpg,Archit,Castle
Archit_120.jpg,Archit,Archit
Archit_121.jpg,Archit,Archit
Archit_123.jpg,Archit,Basketball
Archit_127.jpg,Archit,Archit
Archit_129.jpg,Archit,Archit
Archit_133.jpg,Archit,Sculpt
Archit_142.jpg,Archit,Archit
Archit_143.jpg,Archit,Archit
Archit_144.jpg,Archit,DeerAntelope
Archit_146.jpg,Archit,Ship
Archit_147.jpg,Archit,Castle
Archit_149.jpg,Archit,Surfs
Archit_157.jpg,Archit,Archit
Archit_163.jpg,Archit,Mountain
Archit_167.jpg,Archit,Archit
Archit_173.jpg,Archit,Archit
Archit_174.jpg,Archit,Mountain
Archit_175.jpg,Archit,Group
Archit_177.jpg,Archit,Beach
Archit_179.jpg,Archit,Archit
Archit_180.jpg,Archit,Citynight
Archit_184.jpg,Archit,Citynight
Archit_186.jpg,Archit,Stalactite
Archit_188.jpg,Archit,Grass
Archit_197.jpg,Archit,Beach
Baseball_001.jpg,Baseball,BWimage
Baseball_003.jpg,Baseball,BWimage
Baseball_005.jpg,Baseball,BWimage
Baseball_010.jpg,Baseball,BWimage
Baseball_012.jpg,Baseball,BWimage
Baseball_013.jpg,Baseball,BWimage
Baseball_014.jpg,Baseball,BWimage
Baseball_016.jpg,Baseball,BWimage
Baseball_020.jpg,Baseball,BWimage
Baseball_029.jpg,Baseball,BWimage
Baseball_033.jpg,Baseball,BWimage
Baseball_035.jpg,Baseball,BWimage
Baseball_041.jpg,Baseball,BWimage
Baseball_042.jpg,Baseball,BWimage
Baseball_047.jpg,Baseball,BWimage
Baseball_049.jpg,Baseball,BWimage
Baseball_050.jpg,Baseball,BWimage
Baseball_051.jpg,Baseball,BWimage
Baseball_053.jpg,Baseball,BWimage
Baseball_056.jpg,Baseball,BWimage
Baseball_062.jpg,Baseball,BWimage
Baseball_064.jpg,Baseball,BWimage
Baseball_065.jpg,Baseball,Doors
Baseball_068.jpg,Baseball,BWimage
Baseball_069.jpg,Baseball,BWimage
Baseball_074.jpg,Baseball,BWimage
Baseball_075.jpg,Baseball,BWimage
Baseball_079.jpg,Baseball,BWimage
Baseball_082.jpg,Baseball,BWimage
Baseball_086.jpg,Baseball,Archit
Baseball_096.jpg,Baseball,Doors
Baseball_113.jpg,Baseball,BWimage
Baseball_115.jpg,Baseball,BWimage
Baseball_116.jpg,Baseball,BWimage
Baseball_121.jpg,Baseball,BWimage
Baseball_123.jpg,Baseball,Tiger
Baseball_127.jpg,Baseball,BWimage
Baseball_129.jpg,Baseball,RacingMotor
Baseball_131.jpg,Baseball,BWimage
Baseball_134.jpg,Baseball,BWimage
Baseball_139.jpg,Baseball,BWimage
Baseball_141.jpg,Baseball,Tiger
Baseball_143.jpg,Baseball,BWimage
Baseball_146.jpg,Baseball,Car
Baseball_155.jpg,Baseball,BWimage
Baseball_156.jpg,Baseball,BWimage
Baseball_168.jpg,Baseball,BWimage
Baseball_169.jpg,Baseball,BWimage
Baseball_170.jpg,Baseball,BWimage
Baseball_174.jpg,Baseball,BWimage
Baseball_176.jpg,Baseball,BWimage
Baseball_180.jpg,Baseball,BWimage
Baseball_181.jpg,Baseball,Eagle
Baseball_184.jpg,Baseball,BWimage
Baseball_186.jpg,Baseball,Stalactite
Baseball_190.jpg,Baseball,BWimage
Baseball_191.jpg,Baseball,BWimage
Baseball_193.jpg,Baseball,BWimage
Baseball_199.jpg,Baseball,BWimage
Baseball_200.jpg,Baseball,BWimage
Basketball_007.jpg,Basketball,Baseball
Basketball_009.jpg,Basketball,Sunset
Basketball_012.jpg,Basketball,Baseball
Basketball_016.jpg,Basketball,Baseball
Basketball_018.jpg,Basketball,Car
Basketball_027.jpg,Basketball,Soccer
Basketball_028.jpg,Basketball,Grass
Basketball_031.jpg,Basketball,Citynight
Basketball_033.jpg,Basketball,Baseball
Basketball_037.jpg,Basketball,Waterfall
Basketball_038.jpg,Basketball,Soccer
Basketball_039.jpg,Basketball,Beach
Basketball_047.jpg,Basketball,Baseball
Basketball_050.jpg,Basketball,Baseball
Basketball_051.jpg,Basketball,Baseball
Basketball_052.jpg,Basketball,Baseball
Basketball_053.jpg,Basketball,Volleyball
Basketball_059.jpg,Basketball,Baseball
Basketball_060.jpg,Basketball,Baseball
Basketball_061.jpg,Basketball,Baseball
Basketball_067.jpg,Basketball,Baseball
Basketball_071.jpg,Basketball,Baseball
Basketball_072.jpg,Basketball,Baseball
Basketball_073.jpg,Basketball,Baseball
Basketball_076.jpg,Basketball,F1
Basketball_078.jpg,Basketball,Tennis
Basketball_080.jpg,Basketball,Baseball
Basketball_086.jpg,Basketball,Baseball
Basketball_090.jpg,Basketball,Baseball
Basketball_093.jpg,Basketball,Baseball
Basketball_094.jpg,Basketball,Baseball
Basketball_096.jpg,Basketball,Baseball
Basketball_097.jpg,Basketball,Baseball
Basketball_100.jpg,Basketball,Baseball
Basketball_107.jpg,Basketball,Baseball
Basketball_114.jpg,Basketball,Baseball
Basketball_117.jpg,Basketball,Baseball
Basketball_122.jpg,Basketball,Lion
Basketball_124.jpg,Basketball,Baseball
Basketball_133.jpg,Basketball,Basketball
Basketball_147.jpg,Basketball,Baseball
Basketball_148.jpg,Basketball,Baseball
Basketball_150.jpg,Basketball,Baseball
Basketball_153.jpg,Basketball,Baseball
Basketball_154.jpg,Basketball,Baseball
Basketball_160.jpg,Basketball,Flower
Basketball_162.jpg,Basketball,Cartoon
Basketball_166.jpg,Basketball,Baseball
Basketball_168.jpg,Basketball,RacingMotor
Basketball_170.jpg,Basketball,Baseball
Basketball_171.jpg,Basketball,Cartoon
Basketball_176.jpg,Basketball,Baseball
Basketball_178.jpg,Basketball,Baseball
Basketball_179.jpg,Basketball,Baseball
Basketball_182.jpg,Basketball,Baseball
Basketball_187.jpg,Basketball,Baseball
Basketball_194.jpg,Basketball,Baseball
Basketball_196.jpg,Basketball,Baseball
Basketball_197.jpg,Basketball,Baseball
Basketball_198.jpg,Basketball,Baseball
Beach_002.jpg,Beach,Cartoon
Beach_013.jpg,Beach,Basketball
Beach_015.jpg,Beach,Basketball
Beach_022.jpg,Beach,Basketball
Beach_028.jpg,Beach,Basketball
Beach_030.jpg,Beach,Citynight
Beach_031.jpg,Beach,Basketball
Beach_037.jpg,Beach,Penguin
Beach_039.jpg,Beach,Basketball
Beach_044.jpg,Beach,RacingMotor
Beach_054.jpg,Beach,Basketball
Beach_055.jpg,Beach,Basketball
Beach_056.jpg,Beach,Basketball
Beach_057.jpg,Beach,Basketball
Beach_058.jpg,Beach,Basketball
Beach_060.jpg,Beach,Basketball
Beach_065.jpg,Beach,Basketball
Beach_068.jpg,Beach,Basketball
Beach_069.jpg,Beach,Basketball
Beach_071.jpg,Beach,Basketball
Beach_074.jpg,Beach,Basketball
Beach_082.jpg,Beach,Basketball
Beach_083.jpg,Beach,Basketball
Beach_084.jpg,Beach,Basketball
Beach_089.jpg,Beach,Basketball
Beach_090.jpg,Beach,Basketball
Beach_092.jpg,Beach,Surfs
Beach_098.jpg,Beach,Basketball
Beach_100.jpg,Beach,Basketball
Beach_103.jpg,Beach,Basketball
Beach_104.jpg,Beach,Basketball
Beach_115.jpg,Beach,Basketball
Beach_116.jpg,Beach,Basketball
Beach_124.jpg,Beach,Basketball
Beach_126.jpg,Beach,Basketball
Beach_129.jpg,Beach,Basketball
Beach_130.jpg,Beach,Basketball
Beach_131.jpg,Beach,Basketball
Beach_134.jpg,Beach,Basketball
Beach_135.jpg,Beach,Basketball
Beach_139.jpg,Beach,Basketball
Beach_143.jpg,Beach,Citynight
Beach_144.jpg,Beach,Basketball
Beach_146.jpg,Beach,Cartoon
Beach_147.jpg,Beach,Basketball
Beach_149.jpg,Beach,Basketball
Beach_151.jpg,Beach,Basketball
Beach_152.jpg,Beach,Basketball
Beach_161.jpg,Beach,Basketball
Beach_165.jpg,Beach,Basketball
Beach_170.jpg,Beach,Basketball
Beach_172.jpg,Beach,Car
Beach_175.jpg,Beach,Sculpt
Beach_176.jpg,Beach,Basketball
Beach_177.jpg,Beach,Tennis
Beach_188.jpg,Beach,Basketball
Beach_189.jpg,Beach,Planet
Beach_195.jpg,Beach,Waterfall
Beach_198.jpg,Beach,Basketball
Beach_199.jpg,Beach,Citynight
Billiardsball_004.jpg,Billiardsball,Beach
Billiardsball_008.jpg,Billiardsball,Ship
Billiardsball_010.jpg,Billiardsball,Desert
Billiardsball_012.jpg,Billiardsball,Beach
Billiardsball_015.jpg,Billiardsball,Beach
Billiardsball_019.jpg,Billiardsball,Beach
Billiardsball_023.jpg,Billiardsball,SubSea
Billiardsball_025.jpg,Billiardsball,Sculpt
Billiardsball_029.jpg,Billiardsball,Beach
Billiardsball_030.jpg,Billiardsball,Beach
Billiardsball_033.jpg,Billiardsball,Beach
Billiardsball_038.jpg,Billiardsball,Group
Billiardsball_040.jpg,Billiardsball,Eagle
Billiardsball_042.jpg,Billiardsball,Beach
Billiardsball_046.jpg,Billiardsball,Beach
Billiardsball_047.jpg,Billiardsball,Archit
Billiardsball_049.jpg,Billiardsball,Beach
Billiardsball_050.jpg,Billiardsball,Beach
Billiardsball_056.jpg,Billiardsball,Beach
Billiardsball_058.jpg,Billiardsball,Beach
Billiardsball_061.jpg,Billiardsball,Ship
Billiardsball_064.jpg,Billiardsball,Beach
Billiardsball_065.jpg,Billiardsball,Beach
Billiardsball_068.jpg,Billiardsball,Beach
Billiardsball_078.jpg,Billiardsball,Mountain
Billiardsball_081.jpg,Billiardsball,Beach
Billiardsball_083.jpg,Billiardsball,Ship
Billiardsball_087.jpg,Billiardsball,Beach
Billiardsball_091.jpg,Billiardsball,SubSea
Billiardsball_098.jpg,Billiardsball,Beach
Billiardsball_099.jpg,Billiardsball,Beach
Billiardsball_103.jpg,Billiardsball,Sunset
Billiardsball_104.jpg,Billiardsball,Desert
Billiardsball_107.jpg,Billiardsball,Mountain
Billiardsball_109.jpg,Billiardsball,Tiger
Billiardsball_121.jpg,Billiardsball,Ship
Billiardsball_130.jpg,Billiardsball,Beach
Billiardsball_132.jpg,Billiardsball,Desert
Billiardsball_136.jpg,Billiardsball,Mountain
Billiardsball_137.jpg,Billiardsball,Archit
Billiardsball_138.jpg,Billiardsball,Beach
Billiardsball_139.jpg,Billiardsball,Desert
Billiardsball_141.jpg,Billiardsball,Beach
Billiardsball_143.jpg,Billiardsball,Archit
Billiardsball_148.jpg,Billiardsball,Beach
Billiardsball_151.jpg,Billiardsball,Ship
Billiardsball_156.jpg,Billiardsball,Citynight
Billiardsball_158.jpg,Billiardsball,Mountain
Billiardsball_159.jpg,Billiardsball,Beach
Billiardsball_160.jpg,Billiardsball,Ship
Billiardsball_161.jpg,Billiardsball,Archit
Billiardsball_165.jpg,Billiardsball,Beach
Billiardsball_166.jpg,Billiardsball,Beach
Billiardsball_173.jpg,Billiardsball,Beach
Billiardsball_174.jpg,Billiardsball,Beach
Billiardsball_178.jpg,Billiardsball,Plane
Billiardsball_180.jpg,Billiardsball,Archit
Billiardsball_181.jpg,Billiardsball,Elephant
Billiardsball_183.jpg,Billiardsball,Mountain
Billiardsball_192.jpg,Billiardsball,Beach
Bus_003.jpg,Bus,Volleyball
Bus_007.jpg,Bus,Billiardsball
Bus_008.jpg,Bus,Billiardsball
Bus_010.jpg,Bus,Billiardsball
Bus_014.jpg,Bus,Billiardsball
Bus_015.jpg,Bus,Billiardsball
Bus_020.jpg,Bus,Billiardsball
Bus_022.jpg,Bus,Billiardsball
Bus_031.jpg,Bus,Billiardsball
Bus_033.jpg,Bus,Billiardsball
Bus_036.jpg,Bus,Basketball
Bus_040.jpg,Bus,Billiardsball
Bus_044.jpg,Bus,Billiardsball
Bus_045.jpg,Bus,Billiardsball
Bus_048.jpg,Bus,Billiardsball
Bus_053.jpg,Bus,Billiardsball
Bus_054.jpg,Bus,Cartoon
Bus_055.jpg,Bus,Billiardsball
Bus_060.jpg,Bus,Billiardsball
Bus_062.jpg,Bus,Billiardsball
Bus_069.jpg,Bus,Billiardsball
Bus_075.jpg,Bus,Billiardsball
Bus_076.jpg,Bus,Billiardsball
Bus_077.jpg,Bus,Billiardsball
Bus_089.jpg,Bus,Billiardsball
Bus_091.jpg,Bus,Billiardsball
Bus_094.jpg,Bus,Billiardsball
Bus_095.jpg,Bus,Billiardsball
Bus_105.jpg,Bus,Billiardsball
Bus_107.jpg,Bus,Billiardsball
Bus_109.jpg,Bus,Billiardsball
Bus_112.jpg,Bus,Billiardsball
Bus_114.jpg,Bus,Billiardsball
Bus_117.jpg,Bus,Billiardsball
Bus_123.jpg,Bus,Billiardsball
Bus_131.jpg,Bus,Billiardsball
Bus_132.jpg,Bus,Billiardsball
Bus_134.jpg,Bus,Billiardsball
Bus_141.jpg,Bus,Billiardsball
Bus_142.jpg,Bus,Billiardsball
Bus_143.jpg,Bus,Billiardsball
Bus_145.jpg,Bus,Billiardsball
Bus_150.jpg,Bus,Billiardsball
Bus_151.jpg,Bus,Billiardsball
Bus_153.jpg,Bus,Billiardsball
Bus_155.jpg,Bus,Billiardsball
Bus_157.jpg,Bus,Soccer
Bus_161.jpg,Bus,Volleyball
Bus_162.jpg,Bus,Billiardsball
Bus_169.jpg,Bus,Pumpkin
Bus_173.jpg,Bus,Plane
Bus_175.jpg,Bus,Billiardsball
Bus_179.jpg,Bus,Plane
Bus_184.jpg,Bus,Billiardsball
Bus_187.jpg,Bus,Billiardsball
Bus_188.jpg,Bus,Sunset
Bus_189.jpg,Bus,Model
Bus_196.jpg,Bus,Billiardsball
Bus_198.jpg,Bus,Citynight
Bus_199.jpg,Bus,Billiardsball
BWimage_001.jpg,BWimage,Bus
BWimage_008.jpg,BWimage,Car
BWimage_009.jpg,BWimage,Bus
BWimage_012.jpg,BWimage,Bus
BWimage_013.jpg,BWimage,Bus
BWimage_015.jpg,BWimage,Tennis
BWimage_021.jpg,BWimage,Car
BWimage_022.jpg,BWimage,Bus
BWimage_027.jpg,BWimage,Bus
BWimage_028.jpg,BWimage,Car
BWimage_031.jpg,BWimage,Bus
BWimage_032.jpg,BWimage,Car
BWimage_034.jpg,BWimage,Bus
BWimage_044.jpg,BWimage,Bus
BWimage_046.jpg,BWimage,Bus
BWimage_047.jpg,BWimage,Bus
BWimage_055.jpg,BWimage,Bus
BWimage_056.jpg,BWimage,Bus
BWimage_058.jpg,BWimage,Bus
BWimage_065.jpg,BWimage,Bus
BWimage_068.jpg,BWimage,Bus
BWimage_069.jpg,BWimage,Bus
BWimage_074.jpg,BWimage,Bus
BWimage_075.jpg,BWimage,Bus
BWimage_076.jpg,BWimage,Bus
BWimage_077.jpg,BWimage,Group
BWimage_079.jpg,BWimage,Bus
BWimage_081.jpg,BWimage,Bus
BWimage_084.jpg,BWimage,Bus
BWimage_087.jpg,BWimage,Bus
BWimage_095.jpg,BWimage,Bus
BWimage_098.jpg,BWimage,Bus
BWimage_100.jpg,BWimage,Bus
BWimage_101.jpg,BWimage,Bus
BWimage_104.jpg,BWimage,Bus
BWimage_108.jpg,BWimage,Bus
BWimage_112.jpg,BWimage,Bus
BWimage_117.jpg,BWimage,Doors
BWimage_122.jpg,BWimage,Bus
BWimage_124.jpg,BWimage,Bus
BWimage_125.jpg,BWimage,Bus
BWimage_128.jpg,BWimage,Bus
BWimage_130.jpg,BWimage,Bus
BWimage_132.jpg,BWimage,Bus
BWimage_133.jpg,BWimage,Bus
BWimage_134.jpg,BWimage,Bus
BWimage_145.jpg,BWimage,Bus
BWimage_149.jpg,BWimage,Bus
BWimage_152.jpg,BWimage,Bus
BWimage_156.jpg,BWimage,Ship
BWimage_164.jpg,BWimage,Car
BWimage_167.jpg,BWimage,Bus
BWimage_169.jpg,BWimage,Car
BWimage_174.jpg,BWimage,Car
BWimage_182.jpg,BWimage,Ship
BWimage_186.jpg,BWimage,Car
BWimage_187.jpg,BWimage,Doors
BWimage_189.jpg,BWimage,Bus
BWimage_190.jpg,BWimage,Bus
BWimage_198.jpg,BWimage,Bus
Car_001.jpg,Car,Elephant
Car_006.jpg,Car,Car
Car_009.jpg,Car,Car
Car_010.jpg,Car,RacingMotor
Car_015.jpg,Car,Bus
Car_021.jpg,Car,Bus
Car_024.jpg,Car,Car
Car_026.jpg,Car,Car
Car_029.jpg,Car,Car
Car_032.jpg,Car,Car
Car_034.jpg,Car,Car
Car_035.jpg,Car,Car
Car_036.jpg,Car,Car
Car_038.jpg,Car,Car
Car_041.jpg,Car,Car
Car_044.jpg,Car,Car
Car_048.jpg,Car,Car
Car_060.jpg,Car,Car
Car_065.jpg,Car,Car
Car_066.jpg,Car,Surfs
Car_072.jpg,Car,Car
Car_080.jpg,Car,Car
Car_082.jpg,Car,Car
Car_084.jpg,Car,Car
Car_091.jpg,Car,Ship
Car_092.jpg,Car,Car
Car_096.jpg,Car,Car
Car_099.jpg,Car,Car
Car_105.jpg,Car,Bus
Car_108.jpg,Car,Bus
Car_109.jpg,Car,Car
Car_110.jpg,Car,Car
Car_112.jpg,Car,Car
Car_117.jpg,Car,Car
Car_119.jpg,Car,Car
Car_121.jpg,Car,Plane
Car_124.jpg,Car,Car
Car_127.jpg,Car,Car
Car_129.jpg,Car,Car
Car_135.jpg,Car,Car
Car_137.jpg,Car,Car
Car_138.jpg,Car,Car
Car_142.jpg,Car,Car
Car_145.jpg,Car,Car
Car_147.jpg,Car,Car
Car_148.jpg,Car,Car
Car_151.jpg,Car,Elephant
Car_155.jpg,Car,Car
Car_158.jpg,Car,Car
Car_164.jpg,Car,RacingMotor
Car_166.jpg,Car,Flower
Car_167.jpg,Car,Car
Car_170.jpg,Car,Ship
Car_173.jpg,Car,Grass
Car_176.jpg,Car,Plane
Car_177.jpg,Car,Feasts
Car_178.jpg,Car,Car
Car_180.jpg,Car,Car
Car_186.jpg,Car,Car
Car_193.jpg,Car,Car
Cartoon_003.jpg,Cartoon,Tennis
Cartoon_004.jpg,Cartoon,Cartoon
Cartoon_007.jpg,Cartoon,Cartoon
Cartoon_016.jpg,Cartoon,Cartoon
Cartoon_028.jpg,Cartoon,Cartoon
Cartoon_029.jpg,Cartoon,Cartoon
Cartoon_030.jpg,Cartoon,Cartoon
Cartoon_031.jpg,Cartoon,Cartoon
Cartoon_038.jpg,Cartoon,Cartoon
Cartoon_040.jpg,Cartoon,Billiardsball
Cartoon_043.jpg,Cartoon,Cartoon
Cartoon_044.jpg,Cartoon,Flower
Cartoon_048.jpg,Cartoon,Cartoon
Cartoon_049.jpg,Cartoon,Dog
Cartoon_056.jpg,Cartoon,Cartoon
Cartoon_060.jpg,Cartoon,Cartoon
Cartoon_062.jpg,Cartoon,Cartoon
Cartoon_063.jpg,Cartoon,Cartoon
Cartoon_067.jpg,Cartoon,Group
Cartoon_068.jpg,Cartoon,Cartoon
Cartoon_074.jpg,Cartoon,Cartoon
Cartoon_075.jpg,Cartoon,Cartoon
Cartoon_077.jpg,Cartoon,Cartoon
Cartoon_078.jpg,Cartoon,Cartoon
Cartoon_081.jpg,Cartoon,Cartoon
Cartoon_084.jpg,Cartoon,Cartoon
Cartoon_085.jpg,Cartoon,Cartoon
Cartoon_088.jpg,Cartoon,Cartoon
Cartoon_090.jpg,Cartoon,Cartoon
Cartoon_091.jpg,Cartoon,Cartoon
Cartoon_095.jpg,Cartoon,Cartoon
Cartoon_102.jpg,Cartoon,Cartoon
Cartoon_103.jpg,Cartoon,Cartoon
Cartoon_107.jpg,Cartoon,Cartoon
Cartoon_110.jpg,Cartoon,Cartoon
Cartoon_112.jpg,Cartoon,Baseball
Cartoon_113.jpg,Cartoon,Cartoon
Cartoon_114.jpg,Cartoon,Cartoon
Cartoon_122.jpg,Cartoon,Cartoon
Cartoon_125.jpg,Cartoon,Cartoon
Cartoon_131.jpg,Cartoon,Soccer
Cartoon_134.jpg,Cartoon,Cartoon
Cartoon_135.jpg,Cartoon,Cartoon
Cartoon_139.jpg,Cartoon,Cartoon
Cartoon_143.jpg,Cartoon,Cartoon
Cartoon_151.jpg,Cartoon,Cartoon
Cartoon_153.jpg,Cartoon,Cartoon
Cartoon_154.jpg,Cartoon,Cartoon
Cartoon_155.jpg,Cartoon,Cartoon
Cartoon_159.jpg,Cartoon,Cartoon
Cartoon_160.jpg,Cartoon,Basketball
Cartoon_163.jpg,Cartoon,Cartoon
Cartoon_168.jpg,Cartoon,Cartoon
Cartoon_170.jpg,Cartoon,Cartoon
Cartoon_173.jpg,Cartoon,Cartoon
Cartoon_181.jpg,Cartoon,Cartoon
Cartoon_185.jpg,Cartoon,Basketball
Cartoon_186.jpg,Cartoon,Cartoon
Cartoon_188.jpg,Cartoon,Cartoon
Cartoon_197.jpg,Cartoon,Cartoon
Castle_001.jpg,Castle,Ship
Castle_007.jpg,Castle,Castle
Castle_011.jpg,Castle,Sky
Castle_012.jpg,Castle,Archit
Castle_017.jpg,Castle,Desert
Castle_018.jpg,Castle,Desert
Castle_021.jpg,Castle,Castle
Castle_023.jpg,Castle,Cartoon
Castle_024.jpg,Castle,Castle
Castle_027.jpg,Castle,Elephant
Castle_035.jpg,Castle,Castle
Castle_038.jpg,Castle,Archit
Castle_039.jpg,Castle,Desert
Castle_042.jpg,Castle,Castle
Castle_043.jpg,Castle,Castle
Castle_046.jpg,Castle,Castle
Castle_056.jpg,Castle,Grass
Castle_060.jpg,Castle,Castle
Castle_063.jpg,Castle,Castle
Castle_065.jpg,Castle,Castle
Castle_071.jpg,Castle,Eagle
Castle_072.jpg,Castle,Castle
Castle_076.jpg,Castle,Ship
Castle_078.jpg,Castle,Beach
Castle_080.jpg,Castle,Ship
Castle_081.jpg,Castle,Grass
Castle_084.jpg,Castle,Castle
Castle_089.jpg,Castle,Desert
Castle_091.jpg,Castle,Desert
Castle_094.jpg,Castle,Ship
Castle_096.jpg,Castle,Castle
Castle_097.jpg,Castle,Castle
Castle_098.jpg,Castle,Desert
Castle_103.jpg,Castle,Mountain
Castle_105.jpg,Castle,Desert
Castle_110.jpg,Castle,Castle
Castle_112.jpg,Castle,Grass
Castle_114.jpg,Castle,Mountain
Castle_115.jpg,Castle,Waterfall
Castle_132.jpg,Castle,Castle
Castle_136.jpg,Castle,Archit
Castle_138.jpg,Castle,Elephant
Castle_140.jpg,Castle,Desert
Castle_143.jpg,Castle,Castle
Castle_152.jpg,Castle,Castle
Castle_154.jpg,Castle,Castle
Castle_161.jpg,Castle,Castle
Castle_167.jpg,Castle,Castle
Castle_170.jpg,Castle,DeerAntelope
Castle_171.jpg,Castle,Castle
Castle_176.jpg,Castle,Desert
Castle_180.jpg,Castle,Mountain
Castle_181.jpg,Castle,Mountain
Castle_190.jpg,Castle,Castle
Castle_191.jpg,Castle,Castle
Castle_192.jpg,Castle,Castle
Castle_194.jpg,Castle,Grass
Castle_195.jpg,Castle,Castle
Castle_196.jpg,Castle,Castle
Castle_200.jpg,Castle,Castle
Citynight_005.jpg,Citynight,Citynight
Citynight_013.jpg,Citynight,Citynight
Citynight_014.jpg,Citynight,Citynight
Citynight_015.jpg,Citynight,Citynight
Citynight_016.jpg,Citynight,Citynight
Citynight_020.jpg,Citynight,Grass
Citynight_021.jpg,Citynight,Citynight
Citynight_024.jpg,Citynight,Citynight
Citynight_026.jpg,Citynight,Citynight
Citynight_028.jpg,Citynight,Citynight
Citynight_029.jpg,Citynight,Citynight
Citynight_032.jpg,Citynight,Indoor
Citynight_038.jpg,Citynight,Citynight
Citynight_042.jpg,Citynight,Eagle
Citynight_051.jpg,Citynight,Citynight
Citynight_053.jpg,Citynight,Sunset
Citynight_056.jpg,Citynight,Citynight
Citynight_057.jpg,Citynight,Citynight
Citynight_061.jpg,Citynight,Citynight
Citynight_064.jpg,Citynight,Archit
Citynight_068.jpg,Citynight,Indoor
Citynight_076.jpg,Citynight,Citynight
Citynight_081.jpg,Citynight,Citynight
Citynight_083.jpg,Citynight,Owls
Citynight_087.jpg,Citynight,Citynight
Citynight_088.jpg,Citynight,Citynight
Citynight_089.jpg,Citynight,Citynight
Citynight_090.jpg,Citynight,Citynight
Citynight_092.jpg,Citynight,Citynight
Citynight_093.jpg,Citynight,Citynight
Citynight_099.jpg,Citynight,Citynight
Citynight_102.jpg,Citynight,Citynight
Citynight_105.jpg,Citynight,Citynight
Citynight_107.jpg,Citynight,Sculpt
Citynight_113.jpg,Citynight,Citynight
Citynight_114.jpg,Citynight,Citynight
Citynight_116.jpg,Citynight,Citynight
Citynight_118.jpg,Citynight,Citynight
Citynight_126.jpg,Citynight,Citynight
Citynight_128.jpg,Citynight,Citynight
Citynight_129.jpg,Citynight,Indoor
Citynight_133.jpg,Citynight,Ship
Citynight_138.jpg,Citynight,Citynight
Citynight_139.jpg,Citynight,Citynight
Citynight_142.jpg,Citynight,Citynight
Citynight_144.jpg,Citynight,Pumpkin
Citynight_147.jpg,Citynight,Citynight
Citynight_149.jpg,Citynight,Citynight
Citynight_153.jpg,Citynight,Citynight
Citynight_157.jpg,Citynight,SubSea
Citynight_161.jpg,Citynight,Mountain
Citynight_169.jpg,Citynight,Citynight
Citynight_172.jpg,Citynight,Citynight
Citynight_173.jpg,Citynight,Citynight
Citynight_181.jpg,Citynight,Citynight
Citynight_182.jpg,Citynight,Citynight
Citynight_185.jpg,Citynight,Citynight
Citynight_189.jpg,Citynight,Citynight
Citynight_192.jpg,Citynight,Citynight
Citynight_199.jpg,Citynight,Citynight
ClassicalPainting_002.jpg,ClassicalPainting,ClassicalPainting
ClassicalPainting_011.jpg,ClassicalPainting,ClassicalPainting
ClassicalPainting_012.jpg,ClassicalPainting,ClassicalPainting
ClassicalPainting_014.jpg,ClassicalPainting,ClassicalPainting
ClassicalPainting_016.jpg,ClassicalPainting,ClassicalPainting
ClassicalPainting_018.jpg,ClassicalPainting,ClassicalPainting
ClassicalPainting_020.jpg,ClassicalPainting,ClassicalPainting
ClassicalPainting_023.jpg,ClassicalPainting,ClassicalPainting
ClassicalPainting_027.jpg,ClassicalPainting,ClassicalPainting
ClassicalPainting_028.jpg,ClassicalPainting,ClassicalPainting
ClassicalPainting_032.jpg,ClassicalPainting,ClassicalPainting
ClassicalPainting_036.jpg,ClassicalPainting,ClassicalPainting
ClassicalPainting_039.jpg,ClassicalPainting,ClassicalPainting
ClassicalPainting_040.jpg,ClassicalPainting,ClassicalPainting
ClassicalPainting_042.jpg,ClassicalPainting,ClassicalPainting
ClassicalPainting_046.jpg,ClassicalPainting,ClassicalPainting
ClassicalPainting_050.jpg,ClassicalPainting,ClassicalPainting
ClassicalPainting_051.jpg,ClassicalPainting,ClassicalPainting
ClassicalPainting_055.jpg,ClassicalPainting,ClassicalPainting
ClassicalPainting_056.jpg,ClassicalPainting,ClassicalPainting
ClassicalPainting_059.jpg,ClassicalPainting,ClassicalPainting
ClassicalPainting_061.jpg,ClassicalPainting,ClassicalPainting
ClassicalPainting_064.jpg,ClassicalPainting,ClassicalPainting
ClassicalPainting_065.jpg,ClassicalPainting,ClassicalPainting
ClassicalPainting_068.jpg,ClassicalPainting,ClassicalPainting
ClassicalPainting_070.jpg,ClassicalPainting,ClassicalPainting
ClassicalPainting_077.jpg,ClassicalPainting,Model
ClassicalPainting_082.jpg,ClassicalPainting,Sky
ClassicalPainting_084.jpg,ClassicalPainting,ClassicalPainting
ClassicalPainting_086.jpg,ClassicalPainting,ClassicalPainting
ClassicalPainting_090.jpg,ClassicalPainting,ClassicalPainting
ClassicalPainting_093.jpg,ClassicalPainting,ClassicalPainting
ClassicalPainting_097.jpg,ClassicalPainting,ClassicalPainting
ClassicalPainting_101.jpg,ClassicalPainting,ClassicalPainting
ClassicalPainting_102.jpg,ClassicalPainting,ClassicalPainting
ClassicalPainting_107.jpg,ClassicalPainting,ClassicalPainting
ClassicalPainting_108.jpg,ClassicalPainting,ClassicalPainting
ClassicalPainting_114.jpg,ClassicalPainting,ClassicalPainting
ClassicalPainting_121.jpg,ClassicalPainting,Stalactite
ClassicalPainting_125.jpg,ClassicalPainting,Lion
ClassicalPainting_126.jpg,ClassicalPainting,ClassicalPainting
ClassicalPainting_127.jpg,ClassicalPainting,ClassicalPainting
ClassicalPainting_128.jpg,ClassicalPainting,Stalactite
ClassicalPainting_132.jpg,ClassicalPainting,Stalactite
ClassicalPainting_139.jpg,ClassicalPainting,Planet
ClassicalPainting_148.jpg,ClassicalPainting,Planet
ClassicalPainting_151.jpg,ClassicalPainting,ClassicalPainting
ClassicalPainting_155.jpg,ClassicalPainting,ClassicalPainting
ClassicalPainting_161.jpg,ClassicalPainting,ClassicalPainting
ClassicalPainting_162.jpg,ClassicalPainting,ClassicalPainting
ClassicalPainting_167.jpg,ClassicalPainting,Indoor
ClassicalPainting_168.jpg,ClassicalPainting,Indoor
ClassicalPainting_171.jpg,ClassicalPainting,ClassicalPainting
ClassicalPainting_176.jpg,ClassicalPainting,ClassicalPainting
ClassicalPainting_179.jpg,ClassicalPainting,ClassicalPainting
ClassicalPainting_184.jpg,ClassicalPainting,ClassicalPainting
ClassicalPainting_186.jpg,ClassicalPainting,ClassicalPainting
ClassicalPainting_191.jpg,ClassicalPainting,Stalactite
ClassicalPainting_193.jpg,ClassicalPainting,ClassicalPainting
ClassicalPainting_194.jpg,ClassicalPainting,Indoor
Cropcycle_001.jpg,Cropcycle,Cropcycle
Cropcycle_005.jpg,Cropcycle,Cropcycle
Cropcycle_007.jpg,Cropcycle,Cropcycle
Cropcycle_015.jpg,Cropcycle,Soccer
Cropcycle_016.jpg,Cropcycle,Cropcycle
Cropcycle_019.jpg,Cropcycle,Cropcycle
Cropcycle_027.jpg,Cropcycle,Cropcycle
Cropcycle_032.jpg,Cropcycle,Cropcycle
Cropcycle_036.jpg,Cropcycle,Cropcycle
Cropcycle_038.jpg,Cropcycle,Cropcycle
Cropcycle_043.jpg,Cropcycle,Cropcycle
Cropcycle_050.jpg,Cropcycle,Cropcycle
Cropcycle_052.jpg,Cropcycle,Cropcycle
Cropcycle_054.jpg,Cropcycle,Cropcycle
Cropcycle_056.jpg,Cropcycle,Cropcycle
Cropcycle_058.jpg,Cropcycle,Grass
Cropcycle_061.jpg,Cropcycle,Cropcycle
Cropcycle_064.jpg,Cropcycle,Cropcycle
Cropcycle_065.jpg,Cropcycle,Cropcycle
Cropcycle_067.jpg,Cropcycle,Cropcycle
Cropcycle_077.jpg,Cropcycle,Cropcycle
Cropcycle_083.jpg,Cropcycle,Cropcycle
Cropcycle_084.jpg,Cropcycle,Cropcycle
Cropcycle_085.jpg,Cropcycle,Cropcycle
Cropcycle_086.jpg,Cropcycle,Cropcycle
Cropcycle_092.jpg,Cropcycle,Cropcycle
Cropcycle_093.jpg,Cropcycle,Cropcycle
Cropcycle_096.jpg,Cropcycle,Cropcycle
Cropcycle_099.jpg,Cropcycle,Cropcycle
Cropcycle_103.jpg,Cropcycle,Cropcycle
Cropcycle_114.jpg,Cropcycle,Cropcycle
Cropcycle_123.jpg,Cropcycle,Cropcycle
Cropcycle_127.jpg,Cropcycle,Cropcycle
Cropcycle_128.jpg,Cropcycle,Cropcycle
Cropcycle_129.jpg,Cropcycle,Cropcycle
Cropcycle_131.jpg,Cropcycle,Cropcycle
Cropcycle_136.jpg,Cropcycle,Cropcycle
Cropcycle_137.jpg,Cropcycle,Grass
Cropcycle_141.jpg,Cropcycle,Cropcycle
Cropcycle_143.jpg,Cropcycle,Cropcycle
Cropcycle_146.jpg,Cropcycle,Cropcycle
Cropcycle_151.jpg,Cropcycle,Cropcycle
Cropcycle_153.jpg,Cropcycle,Cropcycle
Cropcycle_156.jpg,Cropcycle,Cropcycle
Cropcycle_158.jpg,Cropcycle,Cropcycle
Cropcycle_160.jpg,Cropcycle,Cropcycle
Cropcycle_163.jpg,Cropcycle,Cropcycle
Cropcycle_165.jpg,Cropcycle,Cropcycle
Cropcycle_168.jpg,Cropcycle,Doors
Cropcycle_170.jpg,Cropcycle,Cropcycle
Cropcycle_173.jpg,Cropcycle,Cropcycle
Cropcycle_174.jpg,Cropcycle,Cropcycle
Cropcycle_176.jpg,Cropcycle,Cropcycle
Cropcycle_178.jpg,Cropcycle,Cropcycle
Cropcycle_180.jpg,Cropcycle,Cropcycle
Cropcycle_182.jpg,Cropcycle,Cropcycle
Cropcycle_184.jpg,Cropcycle,Lion
Cropcycle_185.jpg,Cropcycle,Cropcycle
Cropcycle_188.jpg,Cropcycle,Cropcycle
Cropcycle_193.jpg,Cropcycle,Cropcycle
DeerAntelope_006.jpg,DeerAntelope,Sculpt
DeerAntelope_007.jpg,DeerAntelope,DeerAntelope
DeerAntelope_008.jpg,DeerAntelope,DeerAntelope
DeerAntelope_012.jpg,DeerAntelope,DeerAntelope
DeerAntelope_024.jpg,DeerAntelope,DeerAntelope
DeerAntelope_030.jpg,DeerAntelope,Grass
DeerAntelope_032.jpg,DeerAntelope,Castle
DeerAntelope_033.jpg,DeerAntelope,DeerAntelope
DeerAntelope_038.jpg,DeerAntelope,DeerAntelope
DeerAntelope_040.jpg,DeerAntelope,BWimage
DeerAntelope_041.jpg,DeerAntelope,DeerAntelope
DeerAntelope_044.jpg,DeerAntelope,Eagle
DeerAntelope_046.jpg,DeerAntelope,Lion
DeerAntelope_052.jpg,DeerAntelope,DeerAntelope
DeerAntelope_056.jpg,DeerAntelope,Car
DeerAntelope_059.jpg,DeerAntelope,ClassicalPainting
DeerAntelope_061.jpg,DeerAntelope,DeerAntelope
DeerAntelope_062.jpg,DeerAntelope,DeerAntelope
DeerAntelope_064.jpg,DeerAntelope,DeerAntelope
DeerAntelope_069.jpg,DeerAntelope,Mountain
DeerAntelope_070.jpg,DeerAntelope,DeerAntelope
DeerAntelope_073.jpg,DeerAntelope,Lion
DeerAntelope_074.jpg,DeerAntelope,Stalactite
DeerAntelope_078.jpg,DeerAntelope,Lion
DeerAntelope_079.jpg,DeerAntelope,DeerAntelope
DeerAntelope_085.jpg,DeerAntelope,DeerAntelope
DeerAntelope_086.jpg,DeerAntelope,Indoor
DeerAntelope_088.jpg,DeerAntelope,DeerAntelope
DeerAntelope_089.jpg,DeerAntelope,DeerAntelope
DeerAntelope_097.jpg,DeerAntelope,DeerAntelope
DeerAntelope_098.jpg,DeerAntelope,Surfs
DeerAntelope_099.jpg,DeerAntelope,DeerAntelope
DeerAntelope_100.jpg,DeerAntelope,Tiger
DeerAntelope_102.jpg,DeerAntelope,Beach
DeerAntelope_103.jpg,DeerAntelope,DeerAntelope
DeerAntelope_105.jpg,DeerAntelope,DeerAntelope
DeerAntelope_106.jpg,DeerAntelope,DeerAntelope
DeerAntelope_111.jpg,DeerAntelope,DeerAntelope
DeerAntelope_118.jpg,DeerAntelope,DeerAntelope
DeerAntelope_128.jpg,DeerAntelope,Stalactite
DeerAntelope_129.jpg,DeerAntelope,Mountain
DeerAntelope_136.jpg,DeerAntelope,DeerAntelope
DeerAntelope_138.jpg,DeerAntelope,DeerAntelope
DeerAntelope_141.jpg,DeerAntelope,DeerAntelope
DeerAntelope_145.jpg,DeerAntelope,Baseball
DeerAntelope_148.jpg,DeerAntelope,Tiger
DeerAntelope_149.jpg,DeerAntelope,Doors
DeerAntelope_150.jpg,DeerAntelope,DeerAntelope
DeerAntelope_152.jpg,DeerAntelope,DeerAntelope
DeerAntelope_153.jpg,DeerAntelope,Grass
DeerAntelope_162.jpg,DeerAntelope,DeerAntelope
DeerAntelope_171.jpg,DeerAntelope,DeerAntelope
DeerAntelope_173.jpg,DeerAntelope,Elephant
DeerAntelope_176.jpg,DeerAntelope,Ship
DeerAntelope_178.jpg,DeerAntelope,Lion
DeerAntelope_189.jpg,DeerAntelope,DeerAntelope
DeerAntelope_193.jpg,DeerAntelope,Dog
DeerAntelope_195.jpg,DeerAntelope,Ship
DeerAntelope_199.jpg,DeerAntelope,Dog
DeerAntelope_200.jpg,DeerAntelope,RacingMotor
Desert_004.jpg,Desert,DeerAntelope
Desert_024.jpg,Desert,Mountain
Desert_043.jpg,Desert,Archit
Desert_044.jpg,Desert,Desert
Desert_045.jpg,Desert,Mountain
Desert_048.jpg,Desert,Desert
Desert_053.jpg,Desert,SubSea
Desert_056.jpg,Desert,DeerAntelope
Desert_058.jpg,Desert,Desert
Desert_059.jpg,Desert,Dog
Desert_061.jpg,Desert,Feasts
Desert_066.jpg,Desert,Desert
Desert_068.jpg,Desert,Archit
Desert_069.jpg,Desert,Desert
Desert_074.jpg,Desert,Flower
Desert_075.jpg,Desert,Flower
Desert_078.jpg,Desert,Flower
Desert_079.jpg,Desert,Flower
Desert_080.jpg,Desert,Flower
Desert_081.jpg,Desert,Flower
Desert_082.jpg,Desert,Desert
Desert_085.jpg,Desert,Planet
Desert_088.jpg,Desert,Desert
Desert_090.jpg,Desert,Desert
Desert_092.jpg,Desert,Desert
Desert_094.jpg,Desert,Desert
Desert_095.jpg,Desert,Beach
Desert_101.jpg,Desert,Desert
Desert_102.jpg,Desert,Mountain
Desert_105.jpg,Desert,Desert
Desert_108.jpg,Desert,Desert
Desert_111.jpg,Desert,Desert
Desert_113.jpg,Desert,Penguin
Desert_115.jpg,Desert,Desert
Desert_117.jpg,Desert,Desert
Desert_119.jpg,Desert,Desert
Desert_122.jpg,Desert,Desert
Desert_124.jpg,Desert,Desert
Desert_128.jpg,Desert,Desert
Desert_129.jpg,Desert,Desert
Desert_131.jpg,Desert,Desert
Desert_132.jpg,Desert,Feasts
Desert_135.jpg,Desert,Desert
Desert_137.jpg,Desert,Desert
Desert_144.jpg,Desert,Archit
Desert_151.jpg,Desert,Desert
Desert_155.jpg,Desert,Desert
Desert_159.jpg,Desert,Desert
Desert_166.jpg,Desert,Flower
Desert_171.jpg,Desert,Cropcycle
Desert_175.jpg,Desert,Tennis
Desert_176.jpg,Desert,Desert
Desert_177.jpg,Desert,ClassicalPainting
Desert_181.jpg,Desert,ClassicalPainting
Desert_186.jpg,Desert,Desert
Desert_187.jpg,Desert,Mountain
Desert_192.jpg,Desert,Ship
Desert_194.jpg,Desert,Baseball
Desert_196.jpg,Desert,Sunflower
Desert_200.jpg,Desert,Desert
Dog_002.jpg,Dog,Dog
Dog_006.jpg,Dog,ClassicalPainting
Dog_008.jpg,Dog,Dog
Dog_009.jpg,Dog,Lion
Dog_011.jpg,Dog,Dog
Dog_013.jpg,Dog,Dog
Dog_023.jpg,Dog,Dog
Dog_029.jpg,Dog,Lion
Dog_032.jpg,Dog,Archit
Dog_036.jpg,Dog,Feasts
Dog_037.jpg,Dog,Feasts
Dog_039.jpg,Dog,Dog
Dog_040.jpg,Dog,Dog
Dog_041.jpg,Dog,DeerAntelope
Dog_044.jpg,Dog,Tiger
Dog_046.jpg,Dog,Group
Dog_048.jpg,Dog,Dog
Dog_050.jpg,Dog,Dog
Dog_054.jpg,Dog,Dog
Dog_055.jpg,Dog,Lion
Dog_059.jpg,Dog,Lion
Dog_061.jpg,Dog,DeerAntelope
Dog_065.jpg,Dog,Dog
Dog_072.jpg,Dog,Dog
Dog_073.jpg,Dog,RacingMotor
Dog_074.jpg,Dog,Lion
Dog_078.jpg,Dog,Lion
Dog_082.jpg,Dog,RacingMotor
Dog_083.jpg,Dog,Dog
Dog_084.jpg,Dog,Model
Dog_091.jpg,Dog,Waterfall
Dog_100.jpg,Dog,Dog
Dog_101.jpg,Dog,Model
Dog_102.jpg,Dog,Soccer
Dog_103.jpg,Dog,Plane
Dog_108.jpg,Dog,Dog
Dog_112.jpg,Dog,ClassicalPainting
Dog_115.jpg,Dog,Dog
Dog_118.jpg,Dog,Dog
Dog_128.jpg,Dog,Grass
Dog_134.jpg,Dog,Dog
Dog_136.jpg,Dog,Lion
Dog_142.jpg,Dog,Dog
Dog_144.jpg,Dog,Dog
Dog_160.jpg,Dog,Tiger
Dog_161.jpg,Dog,Lion
Dog_162.jpg,Dog,Dog
Dog_163.jpg,Dog,Tiger
Dog_168.jpg,Dog,Mountain
Dog_171.jpg,Dog,Dog
Dog_175.jpg,Dog,Lion
Dog_176.jpg,Dog,Mountain
Dog_182.jpg,Dog,Tennis
Dog_183.jpg,Dog,Dog
Dog_184.jpg,Dog,Flower
Dog_186.jpg,Dog,Dog
Dog_187.jpg,Dog,Masks
Dog_197.jpg,Dog,DeerAntelope
Dog_199.jpg,Dog,Owls
Dog_200.jpg,Dog,Dog
Doors_005.jpg,Doors,Beach
Doors_008.jpg,Doors,Doors
Doors_010.jpg,Doors,Doors
Doors_012.jpg,Doors,Doors
Doors_017.jpg,Doors,Doors
Doors_020.jpg,Doors,Doors
Doors_022.jpg,Doors,Doors
Doors_027.jpg,Doors,Doors
Doors_029.jpg,Doors,Doors
Doors_030.jpg,Doors,Doors
Doors_033.jpg,Doors,Doors
Doors_034.jpg,Doors,Doors
Doors_037.jpg,Doors,Doors
Doors_040.jpg,Doors,Doors
Doors_042.jpg,Doors,Doors
Doors_045.jpg,Doors,Doors
Doors_047.jpg,Doors,Doors
Doors_048.jpg,Doors,Doors
Doors_055.jpg,Doors,Doors
Doors_058.jpg,Doors,Doors
Doors_063.jpg,Doors,Doors
Doors_064.jpg,Doors,Doors
Doors_066.jpg,Doors,Doors
Doors_067.jpg,Doors,Doors
Doors_080.jpg,Doors,Doors
Doors_083.jpg,Doors,Doors
Doors_096.jpg,Doors,Doors
Doors_098.jpg,Doors,Doors
Doors_110.jpg,Doors,ClassicalPainting
Doors_112.jpg,Doors,Doors
Doors_114.jpg,Doors,Doors
Doors_116.jpg,Doors,Doors
Doors_122.jpg,Doors,Doors
Doors_128.jpg,Doors,Doors
Doors_132.jpg,Doors,Doors
Doors_133.jpg,Doors,Doors
Doors_134.jpg,Doors,Doors
Doors_137.jpg,Doors,Doors
Doors_138.jpg,Doors,Doors
Doors_139.jpg,Doors,Doors
Doors_144.jpg,Doors,Doors
Doors_146.jpg,Doors,Doors
Doors_152.jpg,Doors,Doors
Doors_154.jpg,Doors,Masks
Doors_157.jpg,Doors,Doors
Doors_160.jpg,Doors,Doors
Doors_162.jpg,Doors,Doors
Doors_163.jpg,Doors,Doors
Doors_169.jpg,Doors,Doors
Doors_171.jpg,Doors,Doors
Doors_176.jpg,Doors,Doors
Doors_178.jpg,Doors,Sunset
Doors_181.jpg,Doors,Indoor
Doors_184.jpg,Doors,Indoor
Doors_186.jpg,Doors,Doors
Doors_187.jpg,Doors,Doors
Doors_188.jpg,Doors,Indoor
Doors_191.jpg,Doors,Doors
Doors_194.jpg,Doors,Doors
Doors_196.jpg,Doors,Doors
Eagle_001.jpg,Eagle,Model
Eagle_003.jpg,Eagle,Eagle
Eagle_005.jpg,Eagle,Eagle
Eagle_012.jpg,Eagle,Eagle
Eagle_016.jpg,Eagle,Eagle
Eagle_018.jpg,Eagle,Eagle
Eagle_019.jpg,Eagle,Eagle
Eagle_023.jpg,Eagle,Eagle
Eagle_024.jpg,Eagle,Eagle
Eagle_029.jpg,Eagle,Eagle
Eagle_032.jpg,Eagle,Eagle
Eagle_037.jpg,Eagle,Penguin
Eagle_042.jpg,Eagle,Eagle
Eagle_059.jpg,Eagle,Eagle
Eagle_060.jpg,Eagle,Eagle
Eagle_062.jpg,Eagle,Eagle
Eagle_064.jpg,Eagle,Plane
Eagle_066.jpg,Eagle,Eagle
Eagle_068.jpg,Eagle,Eagle
Eagle_070.jpg,Eagle,Surfs
Eagle_071.jpg,Eagle,Eagle
Eagle_073.jpg,Eagle,Eagle
Eagle_077.jpg,Eagle,Eagle
Eagle_080.jpg,Eagle,Eagle
Eagle_082.jpg,Eagle,Eagle
Eagle_083.jpg,Eagle,Sky
Eagle_084.jpg,Eagle,Owls
Eagle_090.jpg,Eagle,Eagle
Eagle_094.jpg,Eagle,Eagle
Eagle_097.jpg,Eagle,Eagle
Eagle_103.jpg,Eagle,Plane
Eagle_104.jpg,Eagle,Eagle
Eagle_109.jpg,Eagle,Eagle
Eagle_110.jpg,Eagle,Eagle
Eagle_111.jpg,Eagle,Mountain
Eagle_116.jpg,Eagle,Eagle
Eagle_119.jpg,Eagle,Eagle
Eagle_121.jpg,Eagle,Eagle
Eagle_122.jpg,Eagle,Eagle
Eagle_123.jpg,Eagle,Eagle
Eagle_124.jpg,Eagle,Eagle
Eagle_125.jpg,Eagle,Eagle
Eagle_128.jpg,Eagle,Eagle
Eagle_129.jpg,Eagle,Plane
Eagle_135.jpg,Eagle,Eagle
Eagle_138.jpg,Eagle,Eagle
Eagle_146.jpg,Eagle,Eagle
Eagle_153.jpg,Eagle,Eagle
Eagle_159.jpg,Eagle,Mountain
Eagle_166.jpg,Eagle,Eagle
Eagle_173.jpg,Eagle,Eagle
Eagle_176.jpg,Eagle,Eagle
Eagle_177.jpg,Eagle,Eagle
Eagle_183.jpg,Eagle,Plane
Eagle_185.jpg,Eagle,Mountain
Eagle_191.jpg,Eagle,Eagle
Eagle_192.jpg,Eagle,Eagle
Eagle_194.jpg,Eagle,Surfs
Eagle_195.jpg,Eagle,Eagle
Eagle_198.jpg,Eagle,Eagle
Elephant_002.jpg,Elephant,Desert
Elephant_004.jpg,Elephant,Elephant
Elephant_005.jpg,Elephant,Elephant
Elephant_007.jpg,Elephant,Elephant
Elephant_011.jpg,Elephant,Elephant
Elephant_012.jpg,Elephant,Elephant
Elephant_015.jpg,Elephant,Grass
Elephant_019.jpg,Elephant,Elephant
Elephant_021.jpg,Elephant,Elephant
Elephant_023.jpg,Elephant,Sculpt
Elephant_033.jpg,Elephant,Elephant
Elephant_046.jpg,Elephant,DeerAntelope
Elephant_049.jpg,Elephant,Elephant
Elephant_050.jpg,Elephant,Elephant
Elephant_057.jpg,Elephant,Elephant
Elephant_061.jpg,Elephant,Elephant
Elephant_063.jpg,Elephant,Elephant
Elephant_065.jpg,Elephant,Elephant
Elephant_074.jpg,Elephant,Elephant
Elephant_075.jpg,Elephant,Elephant
Elephant_077.jpg,Elephant,Elephant
Elephant_080.jpg,Elephant,Elephant
Elephant_082.jpg,Elephant,Elephant
Elephant_083.jpg,Elephant,ClassicalPainting
Elephant_084.jpg,Elephant,Elephant
Elephant_086.jpg,Elephant,DeerAntelope
Elephant_090.jpg,Elephant,BWimage
Elephant_092.jpg,Elephant,Elephant
Elephant_094.jpg,Elephant,DeerAntelope
Elephant_097.jpg,Elephant,Elephant
Elephant_099.jpg,Elephant,Elephant
Elephant_108.jpg,Elephant,DeerAntelope
Elephant_109.jpg,Elephant,Mountain
Elephant_111.jpg,Elephant,DeerAntelope
Elephant_116.jpg,Elephant,Elephant
Elephant_117.jpg,Elephant,DeerAntelope
Elephant_119.jpg,Elephant,Elephant
Elephant_121.jpg,Elephant,Grass
Elephant_131.jpg,Elephant,Elephant
Elephant_134.jpg,Elephant,Waterfall
Elephant_141.jpg,Elephant,DeerAntelope
Elephant_144.jpg,Elephant,Elephant
Elephant_146.jpg,Elephant,Elephant
Elephant_147.jpg,Elephant,Grass
Elephant_148.jpg,Elephant,Elephant
Elephant_149.jpg,Elephant,Beach
Elephant_151.jpg,Elephant,Elephant
Elephant_155.jpg,Elephant,Desert
Elephant_165.jpg,Elephant,Elephant
Elephant_166.jpg,Elephant,Waterfall
Elephant_168.jpg,Elephant,Elephant
Elephant_171.jpg,Elephant,Elephant
Elephant_173.jpg,Elephant,Elephant
Elephant_178.jpg,Elephant,Elephant
Elephant_184.jpg,Elephant,Mountain
Elephant_185.jpg,Elephant,Elephant
Elephant_189.jpg,Elephant,Cropcycle
Elephant_194.jpg,Elephant,Waterfall
Elephant_197.jpg,Elephant,Group
Elephant_198.jpg,Elephant,Elephant
F1_003.jpg,F1,F1
F1_004.jpg,F1,F1
F1_006.jpg,F1,F1
F1_007.jpg,F1,F1
F1_008.jpg,F1,F1
F1_009.jpg,F1,F1
F1_010.jpg,F1,F1
F1_012.jpg,F1,F1
F1_020.jpg,F1,F1
F1_024.jpg,F1,F1
F1_028.jpg,F1,F1
F1_032.jpg,F1,F1
F1_039.jpg,F1,F1
F1_040.jpg,F1,RacingMotor
F1_041.jpg,F1,Soccer
F1_043.jpg,F1,F1
F1_047.jpg,F1,F1
F1_049.jpg,F1,F1
F1_050.jpg,F1,F1
F1_055.jpg,F1,F1
F1_057.jpg,F1,Basketball
F1_063.jpg,F1,F1
F1_067.jpg,F1,F1
F1_068.jpg,F1,F1
F1_070.jpg,F1,F1
F1_077.jpg,F1,F1
F1_078.jpg,F1,F1
F1_083.jpg,F1,F1
F1_085.jpg,F1,F1
F1_087.jpg,F1,F1
F1_091.jpg,F1,F1
F1_095.jpg,F1,F1
F1_110.jpg,F1,F1
F1_111.jpg,F1,F1
F1_113.jpg,F1,F1
F1_114.jpg,F1,F1
F1_115.jpg,F1,F1
F1_116.jpg,F1,F1
F1_122.jpg,F1,F1
F1_123.jpg,F1,Soccer
F1_129.jpg,F1,F1
F1_135.jpg,F1,F1
F1_137.jpg,F1,F1
F1_139.jpg,F1,F1
F1_142.jpg,F1,F1
F1_151.jpg,F1,F1
F1_156.jpg,F1,F1
F1_158.jpg,F1,F1
F1_160.jpg,F1,F1
F1_162.jpg,F1,F1
F1_165.jpg,F1,F1
F1_170.jpg,F1,RacingMotor
F1_173.jpg,F1,RacingMotor
F1_175.jpg,F1,F1
F1_181.jpg,F1,F1
F1_182.jpg,F1,Elephant
F1_185.jpg,F1,F1
F1_195.jpg,F1,F1
F1_196.jpg,F1,Bus
F1_200.jpg,F1,F1
Feasts_003.jpg,Feasts,Basketball
Feasts_006.jpg,Feasts,Group
Feasts_008.jpg,Feasts,Flower
Feasts_009.jpg,Feasts,Citynight
Feasts_012.jpg,Feasts,Masks
Feasts_013.jpg,Feasts,Feasts
Feasts_014.jpg,Feasts,Feasts
Feasts_016.jpg,Feasts,Feasts
Feasts_018.jpg,Feasts,Feasts
Feasts_024.jpg,Feasts,Feasts
Feasts_025.jpg,Feasts,Feasts
Feasts_031.jpg,Feasts,Feasts
Feasts_033.jpg,Feasts,Feasts
Feasts_037.jpg,Feasts,Citynight
Feasts_038.jpg,Feasts,Feasts
Feasts_041.jpg,Feasts,Citynight
Feasts_052.jpg,Feasts,Feasts
Feasts_059.jpg,Feasts,Feasts
Feasts_061.jpg,Feasts,Feasts
Feasts_062.jpg,Feasts,Feasts
Feasts_066.jpg,Feasts,Feasts
Feasts_069.jpg,Feasts,Feasts
Feasts_077.jpg,Feasts,Feasts
Feasts_086.jpg,Feasts,Feasts
Feasts_093.jpg,Feasts,Feasts
Feasts_094.jpg,Feasts,Feasts
Feasts_099.jpg,Feasts,Feasts
Feasts_105.jpg,Feasts,Feasts
Feasts_107.jpg,Feasts,Flower
Feasts_108.jpg,Feasts,Pumpkin
Feasts_111.jpg,Feasts,Feasts
Feasts_115.jpg,Feasts,Feasts
Feasts_117.jpg,Feasts,Feasts
Feasts_119.jpg,Feasts,Feasts
Feasts_128.jpg,Feasts,Owls
Feasts_130.jpg,Feasts,Feasts
Feasts_134.jpg,Feasts,Feasts
Feasts_136.jpg,Feasts,Feasts
Feasts_139.jpg,Feasts,Feasts
Feasts_143.jpg,Feasts,Feasts
Feasts_145.jpg,Feasts,Feasts
Feasts_150.jpg,Feasts,Feasts
Feasts_153.jpg,Feasts,Feasts
Feasts_154.jpg,Feasts,Feasts
Feasts_155.jpg,Feasts,Masks
Feasts_158.jpg,Feasts,Feasts
Feasts_160.jpg,Feasts,Feasts
Feasts_163.jpg,Feasts,Feasts
Feasts_166.jpg,Feasts,Feasts
Feasts_167.jpg,Feasts,Feasts
Feasts_168.jpg,Feasts,Feasts
Feasts_169.jpg,Feasts,Feasts
Feasts_171.jpg,Feasts,Feasts
Feasts_173.jpg,Feasts,Feasts
Feasts_175.jpg,Feasts,Feasts
Feasts_178.jpg,Feasts,Feasts
Feasts_182.jpg,Feasts,Feasts
Feasts_184.jpg,Feasts,Feasts
Feasts_185.jpg,Feasts,Feasts
Feasts_196.jpg,Feasts,Feasts
Flower_002.jpg,Flower,Flower
Flower_005.jpg,Flower,Flower
Flower_006.jpg,Flower,Citynight
Flower_010.jpg,Flower,SubSea
Flower_018.jpg,Flower,Flower
Flower_019.jpg,Flower,Flower
Flower_023.jpg,Flower,Flower
Flower_025.jpg,Flower,Sunflower
Flower_027.jpg,Flower,Sunflower
Flower_028.jpg,Flower,Flower
Flower_032.jpg,Flower,Flower
Flower_033.jpg,Flower,Flower
Flower_034.jpg,Flower,ClassicalPainting
Flower_037.jpg,Flower,Flower
Flower_038.jpg,Flower,Flower
Flower_041.jpg,Flower,Flower
Flower_045.jpg,Flower,Flower
Flower_048.jpg,Flower,Flower
Flower_050.jpg,Flower,Pumpkin
Flower_054.jpg,Flower,Masks
Flower_056.jpg,Flower,Owls
Flower_057.jpg,Flower,Flower
Flower_061.jpg,Flower,Flower
Flower_063.jpg,Flower,Flower
Flower_064.jpg,Flower,Dog
Flower_070.jpg,Flower,Masks
Flower_073.jpg,Flower,Masks
Flower_076.jpg,Flower,Sunset
Flower_083.jpg,Flower,Sunset
Flower_084.jpg,Flower,Surfs
Flower_086.jpg,Flower,Flower
Flower_088.jpg,Flower,ClassicalPainting
Flower_089.jpg,Flower,Flower
Flower_092.jpg,Flower,Sunflower
Flower_093.jpg,Flower,Flower
Flower_095.jpg,Flower,Group
Flower_099.jpg,Flower,Flower
Flower_106.jpg,Flower,Flower
Flower_107.jpg,Flower,Flower
Flower_109.jpg,Flower,Basketball
Flower_117.jpg,Flower,Pumpkin
Flower_119.jpg,Flower,Flower
Flower_123.jpg,Flower,Flower
Flower_129.jpg,Flower,AncestorDinoArt
Flower_133.jpg,Flower,Flower
Flower_138.jpg,Flower,Desert
Flower_142.jpg,Flower,Sunset
Flower_143.jpg,Flower,Flower
Flower_145.jpg,Flower,Feasts
Flower_151.jpg,Flower,SubSea
Flower_161.jpg,Flower,Flower
Flower_163.jpg,Flower,Flower
Flower_172.jpg,Flower,Flower
Flower_173.jpg,Flower,SubSea
Flower_181.jpg,Flower,Flower
Flower_187.jpg,Flower,Flower
Flower_190.jpg,Flower,Flower
Flower_192.jpg,Flower,Flower
Flower_194.jpg,Flower,Flower
Flower_198.jpg,Flower,Flower
Grass_002.jpg,Grass,Grass
Grass_003.jpg,Grass,Castle
Grass_006.jpg,Grass,Grass
Grass_011.jpg,Grass,Grass
Grass_013.jpg,Grass,Grass
Grass_021.jpg,Grass,Grass
Grass_023.jpg,Grass,Grass
Grass_024.jpg,Grass,Grass
Grass_027.jpg,Grass,Mountain
Grass_031.jpg,Grass,Grass
Grass_034.jpg,Grass,Grass
Grass_035.jpg,Grass,Grass
Grass_038.jpg,Grass,Grass
Grass_041.jpg,Grass,Grass
Grass_044.jpg,Grass,Mountain
Grass_047.jpg,Grass,Mountain
Grass_049.jpg,Grass,Grass
Grass_054.jpg,Grass,Grass
Grass_056.jpg,Grass,Grass
Grass_057.jpg,Grass,Grass
Grass_060.jpg,Grass,Grass
Grass_062.jpg,Grass,Grass
Grass_068.jpg,Grass,Grass
Grass_069.jpg,Grass,Grass
Grass_071.jpg,Grass,Grass
Grass_074.jpg,Grass,Elephant
Grass_078.jpg,Grass,Grass
Grass_081.jpg,Grass,Castle
Grass_082.jpg,Grass,Grass
Grass_091.jpg,Grass,Beach
Grass_093.jpg,Grass,Mountain
Grass_096.jpg,Grass,Desert
Grass_097.jpg,Grass,DeerAntelope
Grass_098.jpg,Grass,DeerAntelope
Grass_104.jpg,Grass,Waterfall
Grass_107.jpg,Grass,Soccer
Grass_116.jpg,Grass,Grass
Grass_124.jpg,Grass,Archit
Grass_125.jpg,Grass,Grass
Grass_133.jpg,Grass,Grass
Grass_134.jpg,Grass,Grass
Grass_136.jpg,Grass,Castle
Grass_141.jpg,Grass,Grass
Grass_144.jpg,Grass,SubSea
Grass_150.jpg,Grass,Grass
Grass_151.jpg,Grass,Elephant
Grass_152.jpg,Grass,Mountain
Grass_163.jpg,Grass,Mountain
Grass_164.jpg,Grass,DeerAntelope
Grass_165.jpg,Grass,Grass
Grass_169.jpg,Grass,Grass
Grass_174.jpg,Grass,Castle
Grass_176.jpg,Grass,Grass
Grass_177.jpg,Grass,Sunflower
Grass_182.jpg,Grass,Grass
Grass_185.jpg,Grass,Baseball
Grass_189.jpg,Grass,Elephant
Grass_190.jpg,Grass,Grass
Grass_193.jpg,Grass,Grass
Grass_195.jpg,Grass,Grass
Group_002.jpg,Group,Beach
Group_014.jpg,Group,Model
Group_021.jpg,Group,Group
Group_023.jpg,Group,Group
Group_027.jpg,Group,Group
Group_037.jpg,Group,Group
Group_046.jpg,Group,Group
Group_047.jpg,Group,Pumpkin
Group_049.jpg,Group,Group
Group_053.jpg,Group,Group
Group_054.jpg,Group,Group
Group_059.jpg,Group,Stalactite
Group_061.jpg,Group,Surfs
Group_062.jpg,Group,Group
Group_064.jpg,Group,Group
Group_065.jpg,Group,Feasts
Group_071.jpg,Group,Group
Group_073.jpg,Group,Group
Group_074.jpg,Group,Group
Group_077.jpg,Group,Group
Group_080.jpg,Group,Group
Group_082.jpg,Group,Group
Group_085.jpg,Group,Group
Group_094.jpg,Group,Group
Group_101.jpg,Group,Group
Group_102.jpg,Group,Group
Group_103.jpg,Group,Archit
Group_106.jpg,Group,Group
Group_112.jpg,Group,Group
Group_115.jpg,Group,Group
Group_120.jpg,Group,Sculpt
Group_121.jpg,Group,Group
Group_125.jpg,Group,Group
Group_128.jpg,Group,Group
Group_130.jpg,Group,Group
Group_131.jpg,Group,Group
Group_132.jpg,Group,Group
Group_135.jpg,Group,Pumpkin
Group_137.jpg,Group,Beach
Group_138.jpg,Group,Group
Group_139.jpg,Group,Feasts
Group_140.jpg,Group,Group
Group_141.jpg,Group,Group
Group_143.jpg,Group,Beach
Group_147.jpg,Group,Archit
Group_156.jpg,Group,Bus
Group_157.jpg,Group,Group
Group_158.jpg,Group,Penguin
Group_159.jpg,Group,Pumpkin
Group_163.jpg,Group,Ship
Group_165.jpg,Group,Bus
Group_170.jpg,Group,Group
Group_174.jpg,Group,Flower
Group_175.jpg,Group,Group
Group_178.jpg,Group,Group
Group_180.jpg,Group,Group
Group_188.jpg,Group,Group
Group_191.jpg,Group,Group
Group_193.jpg,Group,Group
Group_198.jpg,Group,Penguin
Indoor_002.jpg,Indoor,Owls
Indoor_009.jpg,Indoor,Indoor
Indoor_011.jpg,Indoor,Indoor
Indoor_026.jpg,Indoor,Indoor
Indoor_032.jpg,Indoor,Indoor
Indoor_033.jpg,Indoor,Indoor
Indoor_034.jpg,Indoor,Indoor
Indoor_035.jpg,Indoor,Indoor
Indoor_037.jpg,Indoor,Indoor
Indoor_039.jpg,Indoor,Indoor
Indoor_040.jpg,Indoor,Indoor
Indoor_041.jpg,Indoor,Indoor
Indoor_043.jpg,Indoor,Indoor
Indoor_044.jpg,Indoor,Indoor
Indoor_048.jpg,Indoor,Indoor
Indoor_049.jpg,Indoor,Indoor
Indoor_050.jpg,Indoor,Indoor
Indoor_052.jpg,Indoor,Indoor
Indoor_054.jpg,Indoor,Indoor
Indoor_059.jpg,Indoor,Indoor
Indoor_062.jpg,Indoor,Indoor
Indoor_067.jpg,Indoor,Indoor
Indoor_068.jpg,Indoor,Owls
Indoor_070.jpg,Indoor,Indoor
Indoor_071.jpg,Indoor,Masks
Indoor_072.jpg,Indoor,Indoor
Indoor_073.jpg,Indoor,Indoor
Indoor_074.jpg,Indoor,Indoor
Indoor_086.jpg,Indoor,Indoor
Indoor_087.jpg,Indoor,Indoor
Indoor_091.jpg,Indoor,Indoor
Indoor_092.jpg,Indoor,Indoor
Indoor_093.jpg,Indoor,Indoor
Indoor_094.jpg,Indoor,Indoor
Indoor_096.jpg,Indoor,Indoor
Indoor_097.jpg,Indoor,Indoor
Indoor_099.jpg,Indoor,Indoor
Indoor_101.jpg,Indoor,Indoor
Indoor_109.jpg,Indoor,Indoor
Indoor_115.jpg,Indoor,Indoor
Indoor_127.jpg,Indoor,Indoor
Indoor_130.jpg,Indoor,Indoor
Indoor_131.jpg,Indoor,Indoor
Indoor_132.jpg,Indoor,Waterfall
Indoor_141.jpg,Indoor,Citynight
Indoor_147.jpg,Indoor,Indoor
Indoor_148.jpg,Indoor,Stalactite
Indoor_149.jpg,Indoor,Stalactite
Indoor_150.jpg,Indoor,Indoor
Indoor_152.jpg,Indoor,Indoor
Indoor_157.jpg,Indoor,Citynight
Indoor_158.jpg,Indoor,Citynight
Indoor_163.jpg,Indoor,Eagle
Indoor_170.jpg,Indoor,Indoor
Indoor_176.jpg,Indoor,Indoor
Indoor_177.jpg,Indoor,Indoor
Indoor_181.jpg,Indoor,Indoor
Indoor_183.jpg,Indoor,Indoor
Indoor_193.jpg,Indoor,Indoor
Indoor_199.jpg,Indoor,Stalactite
Lion_001.jpg,Lion,Tiger
Lion_003.jpg,Lion,Lion
Lion_004.jpg,Lion,Tiger
Lion_010.jpg,Lion,Lion
Lion_013.jpg,Lion,Lion
Lion_017.jpg,Lion,Lion
Lion_023.jpg,Lion,Waterfall
Lion_025.jpg,Lion,Tiger
Lion_028.jpg,Lion,Lion
Lion_029.jpg,Lion,Lion
Lion_031.jpg,Lion,Lion
Lion_034.jpg,Lion,Dog
Lion_038.jpg,Lion,Lion
Lion_039.jpg,Lion,DeerAntelope
Lion_041.jpg,Lion,Lion
Lion_042.jpg,Lion,Lion
Lion_048.jpg,Lion,Elephant
Lion_051.jpg,Lion,Lion
Lion_055.jpg,Lion,Desert
Lion_059.jpg,Lion,Lion
Lion_060.jpg,Lion,Sunflower
Lion_068.jpg,Lion,Lion
Lion_071.jpg,Lion,Lion
Lion_072.jpg,Lion,Tiger
Lion_080.jpg,Lion,DeerAntelope
Lion_085.jpg,Lion,Lion
Lion_094.jpg,Lion,Lion
Lion_096.jpg,Lion,DeerAntelope
Lion_097.jpg,Lion,Lion
Lion_099.jpg,Lion,Lion
Lion_103.jpg,Lion,Lion
Lion_105.jpg,Lion,Lion
Lion_116.jpg,Lion,Lion
Lion_120.jpg,Lion,Dog
Lion_122.jpg,Lion,Lion
Lion_129.jpg,Lion,SubSea
Lion_131.jpg,Lion,Lion
Lion_133.jpg,Lion,Lion
Lion_134.jpg,Lion,Model
Lion_136.jpg,Lion,Owls
Lion_143.jpg,Lion,Lion
Lion_150.jpg,Lion,Lion
Lion_152.jpg,Lion,Lion
Lion_164.jpg,Lion,Waterfall
Lion_168.jpg,Lion,Stalactite
Lion_175.jpg,Lion,Lion
Lion_177.jpg,Lion,Lion
Lion_178.jpg,Lion,Lion
Lion_179.jpg,Lion,F1
Lion_181.jpg,Lion,Lion
Lion_182.jpg,Lion,Waterfall
Lion_184.jpg,Lion,Elephant
Lion_186.jpg,Lion,Lion
Lion_187.jpg,Lion,Lion
Lion_189.jpg,Lion,Lion
Lion_190.jpg,Lion,Lion
Lion_191.jpg,Lion,Lion
Lion_194.jpg,Lion,Lion
Lion_199.jpg,Lion,Beach
Lion_200.jpg,Lion,Soccer
Masks_001.jpg,Masks,Masks
Masks_003.jpg,Masks,Feasts
Masks_005.jpg,Masks,Masks
Masks_008.jpg,Masks,Masks
Masks_012.jpg,Masks,Masks
Masks_013.jpg,Masks,Masks
Masks_015.jpg,Masks,Planet
Masks_016.jpg,Masks,Masks
Masks_018.jpg,Masks,Masks
Masks_019.jpg,Masks,Masks
Masks_020.jpg,Masks,Masks
Masks_021.jpg,Masks,Masks
Masks_023.jpg,Masks,Masks
Masks_024.jpg,Masks,Masks
Masks_026.jpg,Masks,Masks
Masks_027.jpg,Masks,Masks
Masks_031.jpg,Masks,Masks
Masks_033.jpg,Masks,Masks
Masks_034.jpg,Masks,Masks
Masks_036.jpg,Masks,Masks
Masks_039.jpg,Masks,Masks
Masks_042.jpg,Masks,Masks
Masks_046.jpg,Masks,Masks
Masks_055.jpg,Masks,Masks
Masks_069.jpg,Masks,Masks
Masks_070.jpg,Masks,SubSea
Masks_071.jpg,Masks,Flower
Masks_072.jpg,Masks,Masks
Masks_074.jpg,Masks,Masks
Masks_078.jpg,Masks,Masks
Masks_079.jpg,Masks,Masks
Masks_082.jpg,Masks,Masks
Masks_087.jpg,Masks,Masks
Masks_096.jpg,Masks,Pumpkin
Masks_101.jpg,Masks,Masks
Masks_102.jpg,Masks,Masks
Masks_104.jpg,Masks,ClassicalPainting
Masks_112.jpg,Masks,ClassicalPainting
Masks_114.jpg,Masks,Masks
Masks_123.jpg,Masks,Masks
Masks_125.jpg,Masks,Pumpkin
Masks_127.jpg,Masks,Masks
Masks_128.jpg,Masks,Masks
Masks_131.jpg,Masks,Masks
Masks_132.jpg,Masks,Masks
Masks_143.jpg,Masks,AncestorDinoArt
Masks_151.jpg,Masks,Masks
Masks_156.jpg,Masks,Masks
Masks_160.jpg,Masks,Masks
Masks_163.jpg,Masks,Elephant
Masks_165.jpg,Masks,Masks
Masks_166.jpg,Masks,Planet
Masks_170.jpg,Masks,Masks
Masks_174.jpg,Masks,Masks
Masks_178.jpg,Masks,Pumpkin
Masks_181.jpg,Masks,Dog
Masks_187.jpg,Masks,Masks
Masks_197.jpg,Masks,Masks
Masks_199.jpg,Masks,Masks
Masks_200.jpg,Masks,Masks
Model_002.jpg,Model,Masks
Model_003.jpg,Model,Model
Model_004.jpg,Model,Pumpkin
Model_005.jpg,Model,Model
Model_006.jpg,Model,Model
Model_010.jpg,Model,Flower
Model_013.jpg,Model,Model
Model_016.jpg,Model,Model
Model_024.jpg,Model,F1
Model_029.jpg,Model,Surfs
Model_031.jpg,Model,AncestorDinoArt
Model_039.jpg,Model,Model
Model_041.jpg,Model,Model
Model_042.jpg,Model,Model
Model_045.jpg,Model,Surfs
Model_055.jpg,Model,Model
Model_056.jpg,Model,Dog
Model_057.jpg,Model,Model
Model_062.jpg,Model,Feasts
Model_064.jpg,Model,Model
Model_067.jpg,Model,Model
Model_069.jpg,Model,Model
Model_071.jpg,Model,Model
Model_073.jpg,Model,BWimage
Model_085.jpg,Model,Model
Model_093.jpg,Model,Model
Model_097.jpg,Model,Dog
Model_098.jpg,Model,Model
Model_099.jpg,Model,Model
Model_100.jpg,Model,Model
Model_109.jpg,Model,Sculpt
Model_110.jpg,Model,Doors
Model_112.jpg,Model,Sculpt
Model_113.jpg,Model,Model
Model_118.jpg,Model,Model
Model_119.jpg,Model,Model
Model_120.jpg,Model,Flower
Model_124.jpg,Model,Model
Model_125.jpg,Model,Desert
Model_129.jpg,Model,Model
Model_130.jpg,Model,Model
Model_131.jpg,Model,Model
Model_141.jpg,Model,Model
Model_145.jpg,Model,Beach
Model_148.jpg,Model,Model
Model_150.jpg,Model,Dog
Model_153.jpg,Model,Sculpt
Model_159.jpg,Model,Model
Model_164.jpg,Model,Model
Model_167.jpg,Model,Model
Model_171.jpg,Model,Model
Model_173.jpg,Model,ClassicalPainting
Model_174.jpg,Model,Model
Model_179.jpg,Model,Feasts
Model_180.jpg,Model,Indoor
Model_182.jpg,Model,Model
Model_185.jpg,Model,Model
Model_189.jpg,Model,Model
Model_191.jpg,Model,Doors
Model_193.jpg,Model,ClassicalPainting
Mountain_001.jpg,Mountain,Mountain
Mountain_005.jpg,Mountain,Mountain
Mountain_006.jpg,Mountain,Mountain
Mountain_012.jpg,Mountain,Mountain
Mountain_013.jpg,Mountain,Desert
Mountain_018.jpg,Mountain,Mountain
Mountain_019.jpg,Mountain,Mountain
Mountain_023.jpg,Mountain,Mountain
Mountain_025.jpg,Mountain,Mountain
Mountain_028.jpg,Mountain,DeerAntelope
Mountain_030.jpg,Mountain,Eagle
Mountain_032.jpg,Mountain,Desert
Mountain_035.jpg,Mountain,Waterfall
Mountain_037.jpg,Mountain,Mountain
Mountain_038.jpg,Mountain,Mountain
Mountain_041.jpg,Mountain,Mountain
Mountain_043.jpg,Mountain,Mountain
Mountain_044.jpg,Mountain,Mountain
Mountain_051.jpg,Mountain,Mountain
Mountain_052.jpg,Mountain,Waterfall
Mountain_062.jpg,Mountain,Elephant
Mountain_066.jpg,Mountain,Mountain
Mountain_077.jpg,Mountain,Mountain
Mountain_081.jpg,Mountain,Mountain
Mountain_082.jpg,Mountain,Mountain
Mountain_084.jpg,Mountain,Beach
Mountain_093.jpg,Mountain,Mountain
Mountain_097.jpg,Mountain,Mountain
Mountain_100.jpg,Mountain,Mountain
Mountain_107.jpg,Mountain,Mountain
Mountain_109.jpg,Mountain,Mountain
Mountain_111.jpg,Mountain,Ship
Mountain_118.jpg,Mountain,Mountain
Mountain_120.jpg,Mountain,Mountain
Mountain_121.jpg,Mountain,Mountain
Mountain_123.jpg,Mountain,Beach
Mountain_128.jpg,Mountain,Mountain
Mountain_132.jpg,Mountain,Mountain
Mountain_136.jpg,Mountain,Desert
Mountain_139.jpg,Mountain,Mountain
Mountain_143.jpg,Mountain,Mountain
Mountain_144.jpg,Mountain,Mountain
Mountain_146.jpg,Mountain,Mountain
Mountain_151.jpg,Mountain,Beach
Mountain_152.jpg,Mountain,Surfs
Mountain_158.jpg,Mountain,Mountain
Mountain_161.jpg,Mountain,Eagle
Mountain_164.jpg,Mountain,Mountain
Mountain_166.jpg,Mountain,Mountain
Mountain_169.jpg,Mountain,Mountain
Mountain_170.jpg,Mountain,Cropcycle
Mountain_174.jpg,Mountain,Mountain
Mountain_180.jpg,Mountain,Beach
Mountain_181.jpg,Mountain,Beach
Mountain_183.jpg,Mountain,Mountain
Mountain_188.jpg,Mountain,Mountain
Mountain_190.jpg,Mountain,Mountain
Mountain_195.jpg,Mountain,Mountain
Mountain_198.jpg,Mountain,Mountain
Mountain_199.jpg,Mountain,Penguin
Owls_008.jpg,Owls,Owls
Owls_009.jpg,Owls,Owls
Owls_020.jpg,Owls,Owls
Owls_022.jpg,Owls,Owls
Owls_028.jpg,Owls,Owls
Owls_031.jpg,Owls,Owls
Owls_037.jpg,Owls,ClassicalPainting
Owls_038.jpg,Owls,Owls
Owls_042.jpg,Owls,Tiger
Owls_051.jpg,Owls,Penguin
Owls_052.jpg,Owls,Lion
Owls_055.jpg,Owls,Lion
Owls_059.jpg,Owls,Tiger
Owls_066.jpg,Owls,Owls
Owls_070.jpg,Owls,Stalactite
Owls_072.jpg,Owls,Owls
Owls_073.jpg,Owls,Owls
Owls_075.jpg,Owls,Owls
Owls_077.jpg,Owls,Owls
Owls_078.jpg,Owls,Owls
Owls_084.jpg,Owls,Owls
Owls_085.jpg,Owls,Owls
Owls_086.jpg,Owls,Owls
Owls_091.jpg,Owls,Owls
Owls_094.jpg,Owls,Owls
Owls_096.jpg,Owls,Owls
Owls_097.jpg,Owls,Owls
Owls_099.jpg,Owls,Owls
Owls_100.jpg,Owls,Owls
Owls_105.jpg,Owls,Owls
Owls_106.jpg,Owls,Owls
Owls_109.jpg,Owls,Owls
Owls_113.jpg,Owls,Owls
Owls_114.jpg,Owls,Owls
Owls_116.jpg,Owls,Owls
Owls_119.jpg,Owls,Owls
Owls_124.jpg,Owls,F1
Owls_125.jpg,Owls,Owls
Owls_132.jpg,Owls,Owls
Owls_134.jpg,Owls,Owls
Owls_142.jpg,Owls,Owls
Owls_143.jpg,Owls,Owls
Owls_149.jpg,Owls,Dog
Owls_151.jpg,Owls,Owls
Owls_154.jpg,Owls,Owls
Owls_155.jpg,Owls,Owls
Owls_159.jpg,Owls,Dog
Owls_163.jpg,Owls,Owls
Owls_167.jpg,Owls,Owls
Owls_168.jpg,Owls,Owls
Owls_169.jpg,Owls,Owls
Owls_171.jpg,Owls,Owls
Owls_174.jpg,Owls,Castle
Owls_177.jpg,Owls,Owls
Owls_180.jpg,Owls,Owls
Owls_187.jpg,Owls,Owls
Owls_196.jpg,Owls,Owls
Owls_197.jpg,Owls,Owls
Owls_198.jpg,Owls,Owls
Owls_199.jpg,Owls,Owls
Penguin_001.jpg,Penguin,Penguin
Penguin_005.jpg,Penguin,Penguin
Penguin_007.jpg,Penguin,Penguin
Penguin_008.jpg,Penguin,Plane
Penguin_010.jpg,Penguin,Penguin
Penguin_014.jpg,Penguin,Penguin
Penguin_024.jpg,Penguin,Penguin
Penguin_026.jpg,Penguin,Plane
Penguin_029.jpg,Penguin,Penguin
Penguin_030.jpg,Penguin,Lion
Penguin_036.jpg,Penguin,Penguin
Penguin_037.jpg,Penguin,Penguin
Penguin_042.jpg,Penguin,Penguin
Penguin_043.jpg,Penguin,Group
Penguin_057.jpg,Penguin,Penguin
Penguin_058.jpg,Penguin,Penguin
Penguin_060.jpg,Penguin,Penguin
Penguin_061.jpg,Penguin,Penguin
Penguin_065.jpg,Penguin,Bus
Penguin_068.jpg,Penguin,Pumpkin
Penguin_082.jpg,Penguin,Penguin
Penguin_087.jpg,Penguin,Eagle
Penguin_094.jpg,Penguin,Penguin
Penguin_095.jpg,Penguin,Group
Penguin_096.jpg,Penguin,Penguin
Penguin_097.jpg,Penguin,Penguin
Penguin_102.jpg,Penguin,Desert
Penguin_109.jpg,Penguin,Model
Penguin_110.jpg,Penguin,Penguin
Penguin_120.jpg,Penguin,Penguin
Penguin_121.jpg,Penguin,Penguin
Penguin_122.jpg,Penguin,Group
Penguin_123.jpg,Penguin,SubSea
Penguin_126.jpg,Penguin,Model
Penguin_129.jpg,Penguin,Penguin
Penguin_133.jpg,Penguin,Eagle
Penguin_134.jpg,Penguin,Penguin
Penguin_140.jpg,Penguin,Penguin
Penguin_142.jpg,Penguin,Penguin
Penguin_143.jpg,Penguin,Penguin
Penguin_144.jpg,Penguin,DeerAntelope
Penguin_146.jpg,Penguin,BWimage
Penguin_151.jpg,Penguin,Model
Penguin_153.jpg,Penguin,Penguin
Penguin_154.jpg,Penguin,Dog
Penguin_156.jpg,Penguin,Penguin
Penguin_160.jpg,Penguin,Surfs
Penguin_165.jpg,Penguin,Penguin
Penguin_166.jpg,Penguin,Penguin
Penguin_169.jpg,Penguin,Penguin
Penguin_176.jpg,Penguin,Mountain
Penguin_177.jpg,Penguin,Penguin
Penguin_180.jpg,Penguin,Ship
Penguin_187.jpg,Penguin,Dog
Penguin_188.jpg,Penguin,Penguin
Penguin_191.jpg,Penguin,Penguin
Penguin_193.jpg,Penguin,Elephant
Penguin_194.jpg,Penguin,Penguin
Penguin_195.jpg,Penguin,F1
Penguin_197.jpg,Penguin,Penguin
Plane_003.jpg,Plane,Plane
Plane_007.jpg,Plane,AncestorDinoArt
Plane_010.jpg,Plane,Plane
Plane_011.jpg,Plane,Plane
Plane_013.jpg,Plane,Plane
Plane_015.jpg,Plane,Plane
Plane_018.jpg,Plane,Plane
Plane_023.jpg,Plane,Plane
Plane_030.jpg,Plane,Plane
Plane_033.jpg,Plane,Plane
Plane_035.jpg,Plane,Plane
Plane_036.jpg,Plane,Plane
Plane_038.jpg,Plane,Plane
Plane_039.jpg,Plane,Eagle
Plane_047.jpg,Plane,Eagle
Plane_050.jpg,Plane,Eagle
Plane_051.jpg,Plane,Plane
Plane_052.jpg,Plane,Plane
Plane_062.jpg,Plane,Sky
Plane_064.jpg,Plane,Eagle
Plane_066.jpg,Plane,Plane
Plane_068.jpg,Plane,Sky
Plane_069.jpg,Plane,Penguin
Plane_073.jpg,Plane,Eagle
Plane_075.jpg,Plane,Plane
Plane_085.jpg,Plane,Plane
Plane_087.jpg,Plane,Eagle
Plane_089.jpg,Plane,Plane
Plane_091.jpg,Plane,Plane
Plane_095.jpg,Plane,Plane
Plane_096.jpg,Plane,Ship
Plane_100.jpg,Plane,Plane
Plane_103.jpg,Plane,Plane
Plane_109.jpg,Plane,RacingMotor
Plane_110.jpg,Plane,Plane
Plane_119.jpg,Plane,Plane
Plane_120.jpg,Plane,Plane
Plane_123.jpg,Plane,Plane
Plane_125.jpg,Plane,Mountain
Plane_127.jpg,Plane,Plane
Plane_132.jpg,Plane,Car
Plane_137.jpg,Plane,Plane
Plane_144.jpg,Plane,Plane
Plane_147.jpg,Plane,Plane
Plane_148.jpg,Plane,Elephant
Plane_150.jpg,Plane,Plane
Plane_156.jpg,Plane,Eagle
Plane_157.jpg,Plane,Sky
Plane_158.jpg,Plane,Plane
Plane_159.jpg,Plane,Plane
Plane_161.jpg,Plane,Plane
Plane_162.jpg,Plane,Plane
Plane_163.jpg,Plane,Masks
Plane_166.jpg,Plane,Plane
Plane_167.jpg,Plane,Cropcycle
Plane_169.jpg,Plane,Plane
Plane_177.jpg,Plane,Plane
Plane_184.jpg,Plane,Plane
Plane_192.jpg,Plane,Plane
Plane_194.jpg,Plane,Plane
Planet_004.jpg,Planet,Planet
Planet_008.jpg,Planet,Planet
Planet_009.jpg,Planet,SubSea
Planet_010.jpg,Planet,Planet
Planet_013.jpg,Planet,Planet
Planet_020.jpg,Planet,Planet
Planet_024.jpg,Planet,Planet
Planet_026.jpg,Planet,Planet
Planet_030.jpg,Planet,Planet
Planet_035.jpg,Planet,Planet
Planet_042.jpg,Planet,Planet
Planet_043.jpg,Planet,Planet
Planet_045.jpg,Planet,Planet
Planet_048.jpg,Planet,Planet
Planet_050.jpg,Planet,Planet
Planet_052.jpg,Planet,Planet
Planet_057.jpg,Planet,Planet
Planet_060.jpg,Planet,Planet
Planet_061.jpg,Planet,Planet
Planet_062.jpg,Planet,Planet
Planet_065.jpg,Planet,Planet
Planet_069.jpg,Planet,Planet
Planet_071.jpg,Planet,Planet
Planet_072.jpg,Planet,Citynight
Planet_074.jpg,Planet,Planet
Planet_076.jpg,Planet,Planet
Planet_077.jpg,Planet,Planet
Planet_081.jpg,Planet,Planet
Planet_082.jpg,Planet,Planet
Planet_087.jpg,Planet,Planet
Planet_091.jpg,Planet,Planet
Planet_092.jpg,Planet,Planet
Planet_093.jpg,Planet,Planet
Planet_095.jpg,Planet,Planet
Planet_097.jpg,Planet,Planet
Planet_105.jpg,Planet,Owls
Planet_110.jpg,Planet,Planet
Planet_116.jpg,Planet,Planet
Planet_125.jpg,Planet,Planet
Planet_130.jpg,Planet,Planet
Planet_137.jpg,Planet,Planet
Planet_138.jpg,Planet,Planet
Planet_140.jpg,Planet,Planet
Planet_141.jpg,Planet,Planet
Planet_142.jpg,Planet,Planet
Planet_144.jpg,Planet,Planet
Planet_148.jpg,Planet,Sunset
Planet_151.jpg,Planet,Planet
Planet_154.jpg,Planet,Planet
Planet_157.jpg,Planet,Planet
Planet_161.jpg,Planet,Planet
Planet_169.jpg,Planet,Planet
Planet_178.jpg,Planet,Planet
Planet_179.jpg,Planet,Planet
Planet_183.jpg,Planet,Planet
Planet_185.jpg,Planet,Planet
Planet_188.jpg,Planet,Planet
Planet_191.jpg,Planet,Planet
Planet_196.jpg,Planet,Planet
Planet_197.jpg,Planet,Planet
Pumpkin_001.jpg,Pumpkin,Car
Pumpkin_003.jpg,Pumpkin,Basketball
Pumpkin_009.jpg,Pumpkin,Pumpkin
Pumpkin_018.jpg,Pumpkin,Pumpkin
Pumpkin_027.jpg,Pumpkin,Masks
Pumpkin_029.jpg,Pumpkin,Model
Pumpkin_030.jpg,Pumpkin,Pumpkin
Pumpkin_034.jpg,Pumpkin,Pumpkin
Pumpkin_035.jpg,Pumpkin,Dog
Pumpkin_037.jpg,Pumpkin,Pumpkin
Pumpkin_039.jpg,Pumpkin,SubSea
Pumpkin_042.jpg,Pumpkin,Dog
Pumpkin_052.jpg,Pumpkin,Pumpkin
Pumpkin_053.jpg,Pumpkin,Pumpkin
Pumpkin_055.jpg,Pumpkin,Citynight
Pumpkin_056.jpg,Pumpkin,Pumpkin
Pumpkin_058.jpg,Pumpkin,Pumpkin
Pumpkin_066.jpg,Pumpkin,Tiger
Pumpkin_069.jpg,Pumpkin,Pumpkin
Pumpkin_074.jpg,Pumpkin,Pumpkin
Pumpkin_077.jpg,Pumpkin,Pumpkin
Pumpkin_078.jpg,Pumpkin,Flower
Pumpkin_081.jpg,Pumpkin,Pumpkin
Pumpkin_083.jpg,Pumpkin,Surfs
Pumpkin_085.jpg,Pumpkin,Pumpkin
Pumpkin_086.jpg,Pumpkin,Lion
Pumpkin_087.jpg,Pumpkin,Pumpkin
Pumpkin_088.jpg,Pumpkin,Pumpkin
Pumpkin_094.jpg,Pumpkin,Pumpkin
Pumpkin_096.jpg,Pumpkin,Flower
Pumpkin_098.jpg,Pumpkin,Pumpkin
Pumpkin_108.jpg,Pumpkin,Pumpkin
Pumpkin_110.jpg,Pumpkin,Pumpkin
Pumpkin_115.jpg,Pumpkin,Feasts
Pumpkin_116.jpg,Pumpkin,Pumpkin
Pumpkin_127.jpg,Pumpkin,Pumpkin
Pumpkin_129.jpg,Pumpkin,Pumpkin
Pumpkin_135.jpg,Pumpkin,Pumpkin
Pumpkin_136.jpg,Pumpkin,Pumpkin
Pumpkin_139.jpg,Pumpkin,Pumpkin
Pumpkin_140.jpg,Pumpkin,Pumpkin
Pumpkin_141.jpg,Pumpkin,Pumpkin
Pumpkin_144.jpg,Pumpkin,Car
Pumpkin_148.jpg,Pumpkin,Feasts
Pumpkin_149.jpg,Pumpkin,Pumpkin
Pumpkin_152.jpg,Pumpkin,Pumpkin
Pumpkin_153.jpg,Pumpkin,Pumpkin
Pumpkin_156.jpg,Pumpkin,Pumpkin
Pumpkin_158.jpg,Pumpkin,Surfs
Pumpkin_159.jpg,Pumpkin,Pumpkin
Pumpkin_161.jpg,Pumpkin,Pumpkin
Pumpkin_162.jpg,Pumpkin,Volleyball
Pumpkin_163.jpg,Pumpkin,Pumpkin
Pumpkin_172.jpg,Pumpkin,Eagle
Pumpkin_178.jpg,Pumpkin,Pumpkin
Pumpkin_182.jpg,Pumpkin,Sunflower
Pumpkin_184.jpg,Pumpkin,Pumpkin
Pumpkin_188.jpg,Pumpkin,Billiardsball
Pumpkin_195.jpg,Pumpkin,Pumpkin
Pumpkin_198.jpg,Pumpkin,Tennis
RacingMotor_009.jpg,RacingMotor,RacingMotor
RacingMotor_011.jpg,RacingMotor,RacingMotor
RacingMotor_014.jpg,RacingMotor,F1
RacingMotor_024.jpg,RacingMotor,RacingMotor
RacingMotor_025.jpg,RacingMotor,RacingMotor
RacingMotor_026.jpg,RacingMotor,RacingMotor
RacingMotor_027.jpg,RacingMotor,RacingMotor
RacingMotor_028.jpg,RacingMotor,RacingMotor
RacingMotor_029.jpg,RacingMotor,RacingMotor
RacingMotor_035.jpg,RacingMotor,RacingMotor
RacingMotor_037.jpg,RacingMotor,RacingMotor
RacingMotor_043.jpg,RacingMotor,RacingMotor
RacingMotor_049.jpg,RacingMotor,Baseball
RacingMotor_050.jpg,RacingMotor,RacingMotor
RacingMotor_052.jpg,RacingMotor,RacingMotor
RacingMotor_054.jpg,RacingMotor,RacingMotor
RacingMotor_055.jpg,RacingMotor,RacingMotor
RacingMotor_059.jpg,RacingMotor,RacingMotor
RacingMotor_062.jpg,RacingMotor,RacingMotor
RacingMotor_063.jpg,RacingMotor,RacingMotor
RacingMotor_066.jpg,RacingMotor,RacingMotor
RacingMotor_068.jpg,RacingMotor,RacingMotor
RacingMotor_070.jpg,RacingMotor,RacingMotor
RacingMotor_071.jpg,RacingMotor,Volleyball
RacingMotor_072.jpg,RacingMotor,RacingMotor
RacingMotor_075.jpg,RacingMotor,Penguin
RacingMotor_078.jpg,RacingMotor,Soccer
RacingMotor_080.jpg,RacingMotor,RacingMotor
RacingMotor_085.jpg,RacingMotor,Penguin
RacingMotor_093.jpg,RacingMotor,RacingMotor
RacingMotor_095.jpg,RacingMotor,RacingMotor
RacingMotor_097.jpg,RacingMotor,RacingMotor
RacingMotor_098.jpg,RacingMotor,Ship
RacingMotor_100.jpg,RacingMotor,Desert
RacingMotor_104.jpg,RacingMotor,RacingMotor
RacingMotor_107.jpg,RacingMotor,RacingMotor
RacingMotor_108.jpg,RacingMotor,Baseball
RacingMotor_109.jpg,RacingMotor,RacingMotor
RacingMotor_116.jpg,RacingMotor,RacingMotor
RacingMotor_129.jpg,RacingMotor,RacingMotor
RacingMotor_135.jpg,RacingMotor,RacingMotor
RacingMotor_138.jpg,RacingMotor,RacingMotor
RacingMotor_140.jpg,RacingMotor,RacingMotor
RacingMotor_141.jpg,RacingMotor,RacingMotor
RacingMotor_142.jpg,RacingMotor,RacingMotor
RacingMotor_145.jpg,RacingMotor,Sky
RacingMotor_150.jpg,RacingMotor,RacingMotor
RacingMotor_152.jpg,RacingMotor,F1
RacingMotor_154.jpg,RacingMotor,Bus
RacingMotor_160.jpg,RacingMotor,Group
RacingMotor_162.jpg,RacingMotor,Car
RacingMotor_166.jpg,RacingMotor,RacingMotor
RacingMotor_177.jpg,RacingMotor,RacingMotor
RacingMotor_184.jpg,RacingMotor,Soccer
RacingMotor_185.jpg,RacingMotor,RacingMotor
RacingMotor_190.jpg,RacingMotor,Pumpkin
RacingMotor_192.jpg,RacingMotor,RacingMotor
RacingMotor_196.jpg,RacingMotor,Baseball
RacingMotor_197.jpg,RacingMotor,Group
RacingMotor_198.jpg,RacingMotor,RacingMotor
Satelliteimage_004.jpg,Satelliteimage,Satelliteimage
Satelliteimage_010.jpg,Satelliteimage,Satelliteimage
Satelliteimage_014.jpg,Satelliteimage,Satelliteimage
Satelliteimage_015.jpg,Satelliteimage,Satelliteimage
Satelliteimage_020.jpg,Satelliteimage,Satelliteimage
Satelliteimage_023.jpg,Satelliteimage,Satelliteimage
Satelliteimage_024.jpg,Satelliteimage,Satelliteimage
Satelliteimage_025.jpg,Satelliteimage,Satelliteimage
Satelliteimage_026.jpg,Satelliteimage,Satelliteimage
Satelliteimage_029.jpg,Satelliteimage,Satelliteimage
Satelliteimage_031.jpg,Satelliteimage,Satelliteimage
Satelliteimage_037.jpg,Satelliteimage,Satelliteimage
Satelliteimage_041.jpg,Satelliteimage,Satelliteimage
Satelliteimage_043.jpg,Satelliteimage,Satelliteimage
Satelliteimage_047.jpg,Satelliteimage,Penguin
Satelliteimage_051.jpg,Satelliteimage,Satelliteimage
Satelliteimage_061.jpg,Satelliteimage,Satelliteimage
Satelliteimage_062.jpg,Satelliteimage,Satelliteimage
Satelliteimage_063.jpg,Satelliteimage,Satelliteimage
Satelliteimage_064.jpg,Satelliteimage,Satelliteimage
Satelliteimage_067.jpg,Satelliteimage,Satelliteimage
Satelliteimage_068.jpg,Satelliteimage,Satelliteimage
Satelliteimage_070.jpg,Satelliteimage,Satelliteimage
Satelliteimage_077.jpg,Satelliteimage,Satelliteimage
Satelliteimage_084.jpg,Satelliteimage,Owls
Satelliteimage_091.jpg,Satelliteimage,Satelliteimage
Satelliteimage_094.jpg,Satelliteimage,Satelliteimage
Satelliteimage_103.jpg,Satelliteimage,Satelliteimage
Satelliteimage_104.jpg,Satelliteimage,Satelliteimage
Satelliteimage_108.jpg,Satelliteimage,Satelliteimage
Satelliteimage_111.jpg,Satelliteimage,Satelliteimage
Satelliteimage_113.jpg,Satelliteimage,Satelliteimage
Satelliteimage_119.jpg,Satelliteimage,Satelliteimage
Satelliteimage_125.jpg,Satelliteimage,Satelliteimage
Satelliteimage_126.jpg,Satelliteimage,Satelliteimage
Satelliteimage_131.jpg,Satelliteimage,Satelliteimage
Satelliteimage_133.jpg,Satelliteimage,Satelliteimage
Satelliteimage_134.jpg,Satelliteimage,Satelliteimage
Satelliteimage_135.jpg,Satelliteimage,Satelliteimage
Satelliteimage_136.jpg,Satelliteimage,Waterfall
Satelliteimage_139.jpg,Satelliteimage,Satelliteimage
Satelliteimage_141.jpg,Satelliteimage,Satelliteimage
Satelliteimage_146.jpg,Satelliteimage,Satelliteimage
Satelliteimage_155.jpg,Satelliteimage,Satelliteimage
Satelliteimage_158.jpg,Satelliteimage,Satelliteimage
Satelliteimage_160.jpg,Satelliteimage,Satelliteimage
Satelliteimage_165.jpg,Satelliteimage,Satelliteimage
Satelliteimage_166.jpg,Satelliteimage,Satelliteimage
Satelliteimage_167.jpg,Satelliteimage,Satelliteimage
Satelliteimage_174.jpg,Satelliteimage,Satelliteimage
Satelliteimage_175.jpg,Satelliteimage,Satelliteimage
Satelliteimage_178.jpg,Satelliteimage,Satelliteimage
Satelliteimage_179.jpg,Satelliteimage,Satelliteimage
Satelliteimage_183.jpg,Satelliteimage,Satelliteimage
Satelliteimage_189.jpg,Satelliteimage,Satelliteimage
Satelliteimage_190.jpg,Satelliteimage,Citynight
Satelliteimage_192.jpg,Satelliteimage,Satelliteimage
Satelliteimage_194.jpg,Satelliteimage,Satelliteimage
Satelliteimage_195.jpg,Satelliteimage,Satelliteimage
Satelliteimage_199.jpg,Satelliteimage,Citynight
Sculpt_010.jpg,Sculpt,Sculpt
Sculpt_011.jpg,Sculpt,Ship
Sculpt_013.jpg,Sculpt,Model
Sculpt_016.jpg,Sculpt,Sculpt
Sculpt_017.jpg,Sculpt,Sculpt
Sculpt_022.jpg,Sculpt,Model
Sculpt_023.jpg,Sculpt,Sculpt
Sculpt_024.jpg,Sculpt,Sculpt
Sculpt_026.jpg,Sculpt,Feasts
Sculpt_027.jpg,Sculpt,Eagle
Sculpt_030.jpg,Sculpt,Penguin
Sculpt_037.jpg,Sculpt,Owls
Sculpt_038.jpg,Sculpt,Indoor
Sculpt_044.jpg,Sculpt,ClassicalPainting
Sculpt_047.jpg,Sculpt,Penguin
Sculpt_048.jpg,Sculpt,BWimage
Sculpt_053.jpg,Sculpt,Grass
Sculpt_055.jpg,Sculpt,ClassicalPainting
Sculpt_057.jpg,Sculpt,Desert
Sculpt_059.jpg,Sculpt,Group
Sculpt_064.jpg,Sculpt,Sculpt
Sculpt_066.jpg,Sculpt,F1
Sculpt_067.jpg,Sculpt,Doors
Sculpt_070.jpg,Sculpt,Desert
Sculpt_082.jpg,Sculpt,Mountain
Sculpt_090.jpg,Sculpt,Ship
Sculpt_092.jpg,Sculpt,Doors
Sculpt_097.jpg,Sculpt,Penguin
Sculpt_099.jpg,Sculpt,Sculpt
Sculpt_101.jpg,Sculpt,Mountain
Sculpt_102.jpg,Sculpt,Sculpt
Sculpt_103.jpg,Sculpt,BWimage
Sculpt_106.jpg,Sculpt,Sculpt
Sculpt_107.jpg,Sculpt,Surfs
Sculpt_110.jpg,Sculpt,Sculpt
Sculpt_117.jpg,Sculpt,Waterfall
Sculpt_118.jpg,Sculpt,Penguin
Sculpt_120.jpg,Sculpt,Sculpt
Sculpt_123.jpg,Sculpt,Desert
Sculpt_134.jpg,Sculpt,Sculpt
Sculpt_145.jpg,Sculpt,Sculpt
Sculpt_148.jpg,Sculpt,Penguin
Sculpt_151.jpg,Sculpt,Sculpt
Sculpt_152.jpg,Sculpt,Tennis
Sculpt_154.jpg,Sculpt,Doors
Sculpt_156.jpg,Sculpt,Stalactite
Sculpt_158.jpg,Sculpt,Penguin
Sculpt_160.jpg,Sculpt,Elephant
Sculpt_165.jpg,Sculpt,Penguin
Sculpt_166.jpg,Sculpt,Archit
Sculpt_168.jpg,Sculpt,Castle
Sculpt_173.jpg,Sculpt,Castle
Sculpt_177.jpg,Sculpt,Sculpt
Sculpt_181.jpg,Sculpt,Archit
Sculpt_184.jpg,Sculpt,Sculpt
Sculpt_186.jpg,Sculpt,Penguin
Sculpt_191.jpg,Sculpt,Sculpt
Sculpt_196.jpg,Sculpt,Sculpt
Sculpt_197.jpg,Sculpt,Castle
Sculpt_199.jpg,Sculpt,Waterfall
Ship_005.jpg,Ship,Ship
Ship_006.jpg,Ship,Ship
Ship_007.jpg,Ship,Ship
Ship_008.jpg,Ship,Ship
Ship_012.jpg,Ship,Ship
Ship_013.jpg,Ship,Ship
Ship_014.jpg,Ship,Ship
Ship_018.jpg,Ship,Ship
Ship_020.jpg,Ship,Ship
Ship_021.jpg,Ship,Ship
Ship_022.jpg,Ship,Ship
Ship_027.jpg,Ship,Ship
Ship_033.jpg,Ship,Castle
Ship_036.jpg,Ship,Ship
Ship_047.jpg,Ship,Archit
Ship_048.jpg,Ship,Ship
Ship_058.jpg,Ship,Ship
Ship_059.jpg,Ship,Ship
Ship_069.jpg,Ship,Ship
Ship_074.jpg,Ship,Ship
Ship_079.jpg,Ship,Ship
Ship_080.jpg,Ship,Ship
Ship_087.jpg,Ship,Ship
Ship_099.jpg,Ship,Ship
Ship_101.jpg,Ship,Ship
Ship_103.jpg,Ship,Ship
Ship_104.jpg,Ship,Ship
Ship_106.jpg,Ship,Ship
Ship_115.jpg,Ship,Desert
Ship_116.jpg,Ship,Ship
Ship_118.jpg,Ship,Ship
Ship_120.jpg,Ship,Surfs
Ship_123.jpg,Ship,Sky
Ship_124.jpg,Ship,Archit
Ship_127.jpg,Ship,Ship
Ship_132.jpg,Ship,Ship
Ship_133.jpg,Ship,Beach
Ship_135.jpg,Ship,Ship
Ship_137.jpg,Ship,Ship
Ship_142.jpg,Ship,Desert
Ship_144.jpg,Ship,Ship
Ship_145.jpg,Ship,Ship
Ship_149.jpg,Ship,Ship
Ship_150.jpg,Ship,Elephant
Ship_152.jpg,Ship,Ship
Ship_153.jpg,Ship,Model
Ship_157.jpg,Ship,Desert
Ship_159.jpg,Ship,Ship
Ship_163.jpg,Ship,Eagle
Ship_172.jpg,Ship,Archit
Ship_174.jpg,Ship,Archit
Ship_181.jpg,Ship,Ship
Ship_187.jpg,Ship,Ship
Ship_189.jpg,Ship,Ship
Ship_191.jpg,Ship,Ship
Ship_192.jpg,Ship,Ship
Ship_193.jpg,Ship,Ship
Ship_194.jpg,Ship,Ship
Ship_196.jpg,Ship,Citynight
Ship_200.jpg,Ship,Ship
Sky_004.jpg,Sky,Sky
Sky_005.jpg,Sky,Sky
Sky_007.jpg,Sky,Sky
Sky_009.jpg,Sky,Sky
Sky_013.jpg,Sky,Sky
Sky_014.jpg,Sky,Sky
Sky_015.jpg,Sky,Sky
Sky_016.jpg,Sky,Sky
Sky_019.jpg,Sky,Sky
Sky_026.jpg,Sky,Sky
Sky_028.jpg,Sky,Sky
Sky_040.jpg,Sky,Sky
Sky_052.jpg,Sky,Sky
Sky_053.jpg,Sky,Sky
Sky_060.jpg,Sky,Sky
Sky_063.jpg,Sky,Sunset
Sky_067.jpg,Sky,Sky
Sky_069.jpg,Sky,Eagle
Sky_072.jpg,Sky,Sky
Sky_077.jpg,Sky,Sky
Sky_078.jpg,Sky,Sky
Sky_082.jpg,Sky,Sky
Sky_087.jpg,Sky,Sky
Sky_089.jpg,Sky,Sky
Sky_093.jpg,Sky,Sky
Sky_094.jpg,Sky,Sky
Sky_098.jpg,Sky,Sky
Sky_101.jpg,Sky,Sky
Sky_102.jpg,Sky,Sky
Sky_105.jpg,Sky,Sky
Sky_106.jpg,Sky,Sky
Sky_107.jpg,Sky,Sky
Sky_118.jpg,Sky,Sky
Sky_125.jpg,Sky,Sky
Sky_127.jpg,Sky,Sky
Sky_132.jpg,Sky,Sunset
Sky_133.jpg,Sky,Sky
Sky_135.jpg,Sky,Sky
Sky_136.jpg,Sky,Sky
Sky_137.jpg,Sky,Sky
Sky_144.jpg,Sky,Sky
Sky_146.jpg,Sky,Sky
Sky_147.jpg,Sky,Sky
Sky_148.jpg,Sky,Sky
Sky_151.jpg,Sky,Sky
Sky_158.jpg,Sky,Sky
Sky_159.jpg,Sky,Sky
Sky_160.jpg,Sky,Sky
Sky_165.jpg,Sky,Sky
Sky_166.jpg,Sky,Sky
Sky_171.jpg,Sky,Sky
Sky_175.jpg,Sky,Sky
Sky_177.jpg,Sky,Sky
Sky_180.jpg,Sky,Sky
Sky_183.jpg,Sky,Sky
Sky_187.jpg,Sky,Desert
Sky_188.jpg,Sky,Sky
Sky_189.jpg,Sky,F1
Sky_192.jpg,Sky,Sky
Sky_196.jpg,Sky,Sky
Soccer_007.jpg,Soccer,Soccer
Soccer_008.jpg,Soccer,Soccer
Soccer_009.jpg,Soccer,Soccer
Soccer_014.jpg,Soccer,Soccer
Soccer_016.jpg,Soccer,Soccer
Soccer_021.jpg,Soccer,Soccer
Soccer_023.jpg,Soccer,Soccer
Soccer_024.jpg,Soccer,Soccer
Soccer_025.jpg,Soccer,Soccer
Soccer_029.jpg,Soccer,Soccer
Soccer_030.jpg,Soccer,Soccer
Soccer_031.jpg,Soccer,Soccer
Soccer_033.jpg,Soccer,Basketball
Soccer_036.jpg,Soccer,Soccer
Soccer_037.jpg,Soccer,Soccer
Soccer_041.jpg,Soccer,F1
Soccer_043.jpg,Soccer,Soccer
Soccer_045.jpg,Soccer,Soccer
Soccer_047.jpg,Soccer,Soccer
Soccer_049.jpg,Soccer,Soccer
Soccer_061.jpg,Soccer,Cartoon
Soccer_062.jpg,Soccer,Soccer
Soccer_066.jpg,Soccer,Soccer
Soccer_070.jpg,Soccer,Soccer
Soccer_071.jpg,Soccer,Soccer
Soccer_075.jpg,Soccer,Soccer
Soccer_076.jpg,Soccer,Soccer
Soccer_077.jpg,Soccer,Soccer
Soccer_084.jpg,Soccer,Soccer
Soccer_086.jpg,Soccer,Soccer
Soccer_089.jpg,Soccer,Soccer
Soccer_090.jpg,Soccer,Soccer
Soccer_095.jpg,Soccer,Soccer
Soccer_098.jpg,Soccer,Soccer
Soccer_099.jpg,Soccer,Soccer
Soccer_102.jpg,Soccer,Soccer
Soccer_103.jpg,Soccer,Soccer
Soccer_105.jpg,Soccer,Soccer
Soccer_111.jpg,Soccer,Soccer
Soccer_117.jpg,Soccer,Soccer
Soccer_118.jpg,Soccer,Soccer
Soccer_119.jpg,Soccer,Soccer
Soccer_120.jpg,Soccer,Soccer
Soccer_124.jpg,Soccer,Soccer
Soccer_126.jpg,Soccer,Soccer
Soccer_129.jpg,Soccer,Soccer
Soccer_135.jpg,Soccer,Soccer
Soccer_140.jpg,Soccer,Soccer
Soccer_142.jpg,Soccer,Soccer
Soccer_146.jpg,Soccer,Soccer
Soccer_147.jpg,Soccer,Soccer
Soccer_149.jpg,Soccer,Soccer
Soccer_151.jpg,Soccer,Flower
Soccer_161.jpg,Soccer,Soccer
Soccer_167.jpg,Soccer,Soccer
Soccer_171.jpg,Soccer,Soccer
Soccer_174.jpg,Soccer,Soccer
Soccer_177.jpg,Soccer,Soccer
Soccer_188.jpg,Soccer,Soccer
Soccer_189.jpg,Soccer,Soccer
Stalactite_002.jpg,Stalactite,Stalactite
Stalactite_021.jpg,Stalactite,Stalactite
Stalactite_023.jpg,Stalactite,Dog
Stalactite_025.jpg,Stalactite,Owls
Stalactite_028.jpg,Stalactite,Stalactite
Stalactite_032.jpg,Stalactite,Stalactite
Stalactite_034.jpg,Stalactite,Stalactite
Stalactite_036.jpg,Stalactite,Archit
Stalactite_037.jpg,Stalactite,Citynight
Stalactite_040.jpg,Stalactite,Citynight
Stalactite_041.jpg,Stalactite,Stalactite
Stalactite_046.jpg,Stalactite,Stalactite
Stalactite_051.jpg,Stalactite,Tiger
Stalactite_052.jpg,Stalactite,Stalactite
Stalactite_054.jpg,Stalactite,Lion
Stalactite_056.jpg,Stalactite,Stalactite
Stalactite_058.jpg,Stalactite,Stalactite
Stalactite_062.jpg,Stalactite,Stalactite
Stalactite_063.jpg,Stalactite,Stalactite
Stalactite_066.jpg,Stalactite,DeerAntelope
Stalactite_070.jpg,Stalactite,Stalactite
Stalactite_077.jpg,Stalactite,ClassicalPainting
Stalactite_083.jpg,Stalactite,Stalactite
Stalactite_086.jpg,Stalactite,Stalactite
Stalactite_089.jpg,Stalactite,Stalactite
Stalactite_096.jpg,Stalactite,Stalactite
Stalactite_100.jpg,Stalactite,Stalactite
Stalactite_101.jpg,Stalactite,Stalactite
Stalactite_110.jpg,Stalactite,Stalactite
Stalactite_114.jpg,Stalactite,Masks
Stalactite_115.jpg,Stalactite,Stalactite
Stalactite_118.jpg,Stalactite,Stalactite
Stalactite_126.jpg,Stalactite,Stalactite
Stalactite_129.jpg,Stalactite,Tiger
Stalactite_132.jpg,Stalactite,Stalactite
Stalactite_133.jpg,Stalactite,DeerAntelope
Stalactite_136.jpg,Stalactite,Stalactite
Stalactite_138.jpg,Stalactite,Stalactite
Stalactite_139.jpg,Stalactite,Stalactite
Stalactite_140.jpg,Stalactite,DeerAntelope
Stalactite_144.jpg,Stalactite,DeerAntelope
Stalactite_145.jpg,Stalactite,Stalactite
Stalactite_148.jpg,Stalactite,Stalactite
Stalactite_150.jpg,Stalactite,Stalactite
Stalactite_157.jpg,Stalactite,Lion
Stalactite_160.jpg,Stalactite,Stalactite
Stalactite_163.jpg,Stalactite,Stalactite
Stalactite_165.jpg,Stalactite,Stalactite
Stalactite_169.jpg,Stalactite,Citynight
Stalactite_170.jpg,Stalactite,Tiger
Stalactite_172.jpg,Stalactite,Stalactite
Stalactite_179.jpg,Stalactite,Tiger
Stalactite_183.jpg,Stalactite,Stalactite
Stalactite_190.jpg,Stalactite,Stalactite
Stalactite_194.jpg,Stalactite,Stalactite
Stalactite_195.jpg,Stalactite,Stalactite
Stalactite_196.jpg,Stalactite,Stalactite
Stalactite_197.jpg,Stalactite,Stalactite
Stalactite_198.jpg,Stalactite,Stalactite
Stalactite_199.jpg,Stalactite,Stalactite
SubSea_011.jpg,SubSea,Beach
SubSea_016.jpg,SubSea,SubSea
SubSea_018.jpg,SubSea,SubSea
SubSea_022.jpg,SubSea,Lion
SubSea_024.jpg,SubSea,SubSea
SubSea_028.jpg,SubSea,Feasts
SubSea_029.jpg,SubSea,Lion
SubSea_032.jpg,SubSea,SubSea
SubSea_035.jpg,SubSea,SubSea
SubSea_039.jpg,SubSea,SubSea
SubSea_045.jpg,SubSea,Sculpt
SubSea_046.jpg,SubSea,Stalactite
SubSea_047.jpg,SubSea,Mountain
SubSea_048.jpg,SubSea,SubSea
SubSea_049.jpg,SubSea,SubSea
SubSea_051.jpg,SubSea,Sky
SubSea_055.jpg,SubSea,Stalactite
SubSea_056.jpg,SubSea,SubSea
SubSea_060.jpg,SubSea,SubSea
SubSea_071.jpg,SubSea,SubSea
SubSea_072.jpg,SubSea,SubSea
SubSea_074.jpg,SubSea,Sculpt
SubSea_079.jpg,SubSea,Lion
SubSea_081.jpg,SubSea,SubSea
SubSea_082.jpg,SubSea,Elephant
SubSea_085.jpg,SubSea,Archit
SubSea_089.jpg,SubSea,SubSea
SubSea_090.jpg,SubSea,SubSea
SubSea_092.jpg,SubSea,SubSea
SubSea_098.jpg,SubSea,SubSea
SubSea_104.jpg,SubSea,Eagle
SubSea_109.jpg,SubSea,SubSea
SubSea_113.jpg,SubSea,Flower
SubSea_116.jpg,SubSea,SubSea
SubSea_117.jpg,SubSea,Sunflower
SubSea_121.jpg,SubSea,Flower
SubSea_127.jpg,SubSea,SubSea
SubSea_128.jpg,SubSea,SubSea
SubSea_130.jpg,SubSea,Satelliteimage
SubSea_140.jpg,SubSea,SubSea
SubSea_141.jpg,SubSea,Mountain
SubSea_143.jpg,SubSea,Flower
SubSea_145.jpg,SubSea,Surfs
SubSea_149.jpg,SubSea,SubSea
SubSea_157.jpg,SubSea,Flower
SubSea_158.jpg,SubSea,SubSea
SubSea_162.jpg,SubSea,SubSea
SubSea_164.jpg,SubSea,Pumpkin
SubSea_166.jpg,SubSea,Owls
SubSea_167.jpg,SubSea,Model
SubSea_171.jpg,SubSea,Planet
SubSea_173.jpg,SubSea,SubSea
SubSea_176.jpg,SubSea,SubSea
SubSea_177.jpg,SubSea,Planet
SubSea_181.jpg,SubSea,Surfs
SubSea_188.jpg,SubSea,SubSea
SubSea_190.jpg,SubSea,F1
SubSea_194.jpg,SubSea,SubSea
SubSea_196.jpg,SubSea,Sunset
SubSea_200.jpg,SubSea,SubSea
Sunflower_003.jpg,Sunflower,Sunflower
Sunflower_004.jpg,Sunflower,Sunflower
Sunflower_005.jpg,Sunflower,Sunflower
Sunflower_008.jpg,Sunflower,Sunflower
Sunflower_014.jpg,Sunflower,Sunflower
Sunflower_023.jpg,Sunflower,Sunflower
Sunflower_024.jpg,Sunflower,Sunflower
Sunflower_025.jpg,Sunflower,Sunflower
Sunflower_026.jpg,Sunflower,Sunflower
Sunflower_027.jpg,Sunflower,Sunflower
Sunflower_028.jpg,Sunflower,Sunflower
Sunflower_031.jpg,Sunflower,Sunflower
Sunflower_034.jpg,Sunflower,Sunflower
Sunflower_040.jpg,Sunflower,Sunflower
Sunflower_052.jpg,Sunflower,Sunflower
Sunflower_059.jpg,Sunflower,Sunflower
Sunflower_060.jpg,Sunflower,Sunflower
Sunflower_065.jpg,Sunflower,Sunflower
Sunflower_068.jpg,Sunflower,Sunflower
Sunflower_080.jpg,Sunflower,Sunflower
Sunflower_083.jpg,Sunflower,Sunflower
Sunflower_084.jpg,Sunflower,Sunflower
Sunflower_085.jpg,Sunflower,Sunflower
Sunflower_087.jpg,Sunflower,Sunflower
Sunflower_088.jpg,Sunflower,Sunflower
Sunflower_090.jpg,Sunflower,Sunflower
Sunflower_098.jpg,Sunflower,Sunflower
Sunflower_099.jpg,Sunflower,Sunflower
Sunflower_101.jpg,Sunflower,Soccer
Sunflower_104.jpg,Sunflower,Sunflower
Sunflower_106.jpg,Sunflower,Sunflower
Sunflower_109.jpg,Sunflower,Sunflower
Sunflower_112.jpg,Sunflower,Sunflower
Sunflower_114.jpg,Sunflower,Sunflower
Sunflower_115.jpg,Sunflower,Sunflower
Sunflower_117.jpg,Sunflower,Sunflower
Sunflower_118.jpg,Sunflower,Sunflower
Sunflower_119.jpg,Sunflower,Sunflower
Sunflower_131.jpg,Sunflower,Sunflower
Sunflower_133.jpg,Sunflower,SubSea
Sunflower_134.jpg,Sunflower,Sunflower
Sunflower_135.jpg,Sunflower,Sunflower
Sunflower_139.jpg,Sunflower,Pumpkin
Sunflower_148.jpg,Sunflower,Sunflower
Sunflower_157.jpg,Sunflower,Sunflower
Sunflower_163.jpg,Sunflower,Sunflower
Sunflower_164.jpg,Sunflower,Tiger
Sunflower_168.jpg,Sunflower,Sunflower
Sunflower_170.jpg,Sunflower,Sunflower
Sunflower_171.jpg,Sunflower,Sunflower
Sunflower_185.jpg,Sunflower,Sunflower
Sunflower_186.jpg,Sunflower,Sunflower
Sunflower_189.jpg,Sunflower,Sunflower
Sunflower_190.jpg,Sunflower,Sunflower
Sunflower_191.jpg,Sunflower,Sunflower
Sunflower_192.jpg,Sunflower,Sunflower
Sunflower_193.jpg,Sunflower,Sunflower
Sunflower_194.jpg,Sunflower,Sunflower
Sunflower_195.jpg,Sunflower,Sunflower
Sunflower_198.jpg,Sunflower,Sunflower
Sunset_001.jpg,Sunset,Sunset
Sunset_004.jpg,Sunset,Sunset
Sunset_005.jpg,Sunset,Sunset
Sunset_006.jpg,Sunset,Sunset
Sunset_012.jpg,Sunset,Ship
Sunset_017.jpg,Sunset,Sunset
Sunset_023.jpg,Sunset,Sunset
Sunset_025.jpg,Sunset,Sunset
Sunset_028.jpg,Sunset,Sunset
Sunset_033.jpg,Sunset,Sunset
Sunset_034.jpg,Sunset,Baseball
Sunset_035.jpg,Sunset,Sunset
Sunset_036.jpg,Sunset,Sunset
Sunset_038.jpg,Sunset,Sunset
Sunset_039.jpg,Sunset,Sunset
Sunset_041.jpg,Sunset,Sunset
Sunset_042.jpg,Sunset,Sunset
Sunset_046.jpg,Sunset,Ship
Sunset_051.jpg,Sunset,Sunset
Sunset_052.jpg,Sunset,Sunset
Sunset_055.jpg,Sunset,Sunset
Sunset_056.jpg,Sunset,Sunset
Sunset_058.jpg,Sunset,Sunset
Sunset_061.jpg,Sunset,Sunset
Sunset_066.jpg,Sunset,Sunset
Sunset_069.jpg,Sunset,Sunset
Sunset_071.jpg,Sunset,Sunset
Sunset_072.jpg,Sunset,Sunset
Sunset_075.jpg,Sunset,Sunset
Sunset_088.jpg,Sunset,Sunset
Sunset_094.jpg,Sunset,Sunset
Sunset_098.jpg,Sunset,Sunset
Sunset_100.jpg,Sunset,Sunset
Sunset_101.jpg,Sunset,Sunset
Sunset_109.jpg,Sunset,Sunset
Sunset_110.jpg,Sunset,Sunset
Sunset_112.jpg,Sunset,Tennis
Sunset_116.jpg,Sunset,Sunset
Sunset_117.jpg,Sunset,Sunset
Sunset_120.jpg,Sunset,Sunset
Sunset_127.jpg,Sunset,Sunset
Sunset_131.jpg,Sunset,Sunset
Sunset_132.jpg,Sunset,Sunset
Sunset_135.jpg,Sunset,Sunset
Sunset_139.jpg,Sunset,Sunset
Sunset_144.jpg,Sunset,Feasts
Sunset_145.jpg,Sunset,Sunset
Sunset_151.jpg,Sunset,Sunset
Sunset_153.jpg,Sunset,Beach
Sunset_166.jpg,Sunset,Sunset
Sunset_172.jpg,Sunset,Sunset
Sunset_176.jpg,Sunset,Sunset
Sunset_177.jpg,Sunset,Sunset
Sunset_178.jpg,Sunset,Sunset
Sunset_179.jpg,Sunset,Sunset
Sunset_180.jpg,Sunset,Sunset
Sunset_183.jpg,Sunset,Sunset
Sunset_194.jpg,Sunset,Sunset
Sunset_195.jpg,Sunset,Sunset
Sunset_197.jpg,Sunset,Sunset
Surfs_001.jpg,Surfs,Surfs
Surfs_004.jpg,Surfs,Surfs
Surfs_009.jpg,Surfs,Surfs
Surfs_013.jpg,Surfs,Surfs
Surfs_014.jpg,Surfs,Surfs
Surfs_019.jpg,Surfs,Surfs
Surfs_025.jpg,Surfs,Surfs
Surfs_026.jpg,Surfs,Surfs
Surfs_027.jpg,Surfs,Surfs
Surfs_028.jpg,Surfs,Surfs
Surfs_031.jpg,Surfs,Plane
Surfs_034.jpg,Surfs,Surfs
Surfs_035.jpg,Surfs,Surfs
Surfs_036.jpg,Surfs,Eagle
Surfs_037.jpg,Surfs,Surfs
Surfs_040.jpg,Surfs,Eagle
Surfs_041.jpg,Surfs,Surfs
Surfs_046.jpg,Surfs,Surfs
Surfs_050.jpg,Surfs,Waterfall
Surfs_051.jpg,Surfs,Surfs
Surfs_054.jpg,Surfs,Surfs
Surfs_056.jpg,Surfs,Surfs
Surfs_061.jpg,Surfs,Surfs
Surfs_062.jpg,Surfs,Sky
Surfs_065.jpg,Surfs,Surfs
Surfs_066.jpg,Surfs,Surfs
Surfs_070.jpg,Surfs,Eagle
Surfs_072.jpg,Surfs,Surfs
Surfs_074.jpg,Surfs,Surfs
Surfs_079.jpg,Surfs,Surfs
Surfs_080.jpg,Surfs,Surfs
Surfs_090.jpg,Surfs,Surfs
Surfs_097.jpg,Surfs,Surfs
Surfs_101.jpg,Surfs,Plane
Surfs_102.jpg,Surfs,Surfs
Surfs_110.jpg,Surfs,Surfs
Surfs_116.jpg,Surfs,Surfs
Surfs_118.jpg,Surfs,Penguin
Surfs_120.jpg,Surfs,Eagle
Surfs_125.jpg,Surfs,Surfs
Surfs_126.jpg,Surfs,Surfs
Surfs_129.jpg,Surfs,Surfs
Surfs_130.jpg,Surfs,Mountain
Surfs_143.jpg,Surfs,Surfs
Surfs_144.jpg,Surfs,Surfs
Surfs_145.jpg,Surfs,Surfs
Surfs_149.jpg,Surfs,Surfs
Surfs_153.jpg,Surfs,BWimage
Surfs_154.jpg,Surfs,Flower
Surfs_155.jpg,Surfs,Surfs
Surfs_163.jpg,Surfs,Surfs
Surfs_166.jpg,Surfs,AncestorDinoArt
Surfs_169.jpg,Surfs,Surfs
Surfs_176.jpg,Surfs,Surfs
Surfs_178.jpg,Surfs,Surfs
Surfs_179.jpg,Surfs,Sculpt
Surfs_184.jpg,Surfs,Beach
Surfs_186.jpg,Surfs,Surfs
Surfs_195.jpg,Surfs,Surfs
Surfs_197.jpg,Surfs,Eagle
Tennis_002.jpg,Tennis,Tennis
Tennis_013.jpg,Tennis,Tennis
Tennis_014.jpg,Tennis,Tennis
Tennis_016.jpg,Tennis,Tennis
Tennis_024.jpg,Tennis,Tennis
Tennis_033.jpg,Tennis,Tennis
Tennis_034.jpg,Tennis,Tennis
Tennis_043.jpg,Tennis,Tennis
Tennis_044.jpg,Tennis,Tennis
Tennis_052.jpg,Tennis,Tennis
Tennis_053.jpg,Tennis,Baseball
Tennis_057.jpg,Tennis,Tennis
Tennis_058.jpg,Tennis,Tennis
Tennis_060.jpg,Tennis,Tennis
Tennis_065.jpg,Tennis,Tennis
Tennis_072.jpg,Tennis,Tennis
Tennis_076.jpg,Tennis,Tennis
Tennis_078.jpg,Tennis,Tennis
Tennis_079.jpg,Tennis,Tennis
Tennis_090.jpg,Tennis,Tennis
Tennis_092.jpg,Tennis,Volleyball
Tennis_097.jpg,Tennis,Tennis
Tennis_100.jpg,Tennis,Tennis
Tennis_103.jpg,Tennis,Tennis
Tennis_104.jpg,Tennis,Tennis
Tennis_105.jpg,Tennis,Tennis
Tennis_107.jpg,Tennis,Tennis
Tennis_111.jpg,Tennis,Owls
Tennis_115.jpg,Tennis,Tennis
Tennis_116.jpg,Tennis,Tennis
Tennis_118.jpg,Tennis,Surfs
Tennis_119.jpg,Tennis,Tennis
Tennis_121.jpg,Tennis,Tennis
Tennis_122.jpg,Tennis,Tennis
Tennis_124.jpg,Tennis,Tennis
Tennis_129.jpg,Tennis,Tennis
Tennis_131.jpg,Tennis,Tennis
Tennis_134.jpg,Tennis,Eagle
Tennis_139.jpg,Tennis,Tennis
Tennis_140.jpg,Tennis,Tennis
Tennis_143.jpg,Tennis,Volleyball
Tennis_144.jpg,Tennis,Tennis
Tennis_149.jpg,Tennis,Tennis
Tennis_153.jpg,Tennis,Tennis
Tennis_155.jpg,Tennis,Tennis
Tennis_158.jpg,Tennis,Tennis
Tennis_164.jpg,Tennis,Tennis
Tennis_166.jpg,Tennis,Tennis
Tennis_168.jpg,Tennis,Tennis
Tennis_169.jpg,Tennis,Tennis
Tennis_170.jpg,Tennis,Tiger
Tennis_172.jpg,Tennis,Tennis
Tennis_178.jpg,Tennis,Tennis
Tennis_185.jpg,Tennis,Tennis
Tennis_190.jpg,Tennis,Tennis
Tennis_192.jpg,Tennis,Tennis
Tennis_193.jpg,Tennis,Tennis
Tennis_194.jpg,Tennis,Tennis
Tennis_195.jpg,Tennis,Tennis
Tennis_197.jpg,Tennis,Tennis
Tiger_004.jpg,Tiger,Tiger
Tiger_005.jpg,Tiger,Lion
Tiger_006.jpg,Tiger,Tiger
Tiger_007.jpg,Tiger,Tiger
Tiger_010.jpg,Tiger,Tiger
Tiger_013.jpg,Tiger,Tiger
Tiger_019.jpg,Tiger,Tiger
Tiger_021.jpg,Tiger,Tiger
Tiger_025.jpg,Tiger,Tiger
Tiger_027.jpg,Tiger,Tiger
Tiger_033.jpg,Tiger,DeerAntelope
Tiger_034.jpg,Tiger,Tiger
Tiger_037.jpg,Tiger,Dog
Tiger_038.jpg,Tiger,Tiger
Tiger_040.jpg,Tiger,Tiger
Tiger_041.jpg,Tiger,Tiger
Tiger_042.jpg,Tiger,Cropcycle
Tiger_043.jpg,Tiger,Dog
Tiger_048.jpg,Tiger,Tiger
Tiger_052.jpg,Tiger,Tiger
Tiger_061.jpg,Tiger,Tiger
Tiger_063.jpg,Tiger,Tiger
Tiger_068.jpg,Tiger,Tiger
Tiger_074.jpg,Tiger,Tiger
Tiger_077.jpg,Tiger,Tiger
Tiger_084.jpg,Tiger,Tiger
Tiger_085.jpg,Tiger,Tiger
Tiger_087.jpg,Tiger,Tiger
Tiger_088.jpg,Tiger,Tiger
Tiger_093.jpg,Tiger,Tiger
Tiger_094.jpg,Tiger,Tiger
Tiger_096.jpg,Tiger,Lion
Tiger_103.jpg,Tiger,Tiger
Tiger_105.jpg,Tiger,Tiger
Tiger_107.jpg,Tiger,Tiger
Tiger_109.jpg,Tiger,Tiger
Tiger_112.jpg,Tiger,Tiger
Tiger_114.jpg,Tiger,Stalactite
Tiger_115.jpg,Tiger,Tiger
Tiger_117.jpg,Tiger,DeerAntelope
Tiger_119.jpg,Tiger,Tiger
Tiger_123.jpg,Tiger,Mountain
Tiger_125.jpg,Tiger,Waterfall
Tiger_126.jpg,Tiger,Soccer
Tiger_132.jpg,Tiger,Dog
Tiger_136.jpg,Tiger,Tiger
Tiger_139.jpg,Tiger,Owls
Tiger_143.jpg,Tiger,Tiger
Tiger_146.jpg,Tiger,Owls
Tiger_149.jpg,Tiger,Eagle
Tiger_151.jpg,Tiger,Tiger
Tiger_153.jpg,Tiger,Tiger
Tiger_156.jpg,Tiger,Tiger
Tiger_167.jpg,Tiger,Tiger
Tiger_171.jpg,Tiger,Cropcycle
Tiger_174.jpg,Tiger,Lion
Tiger_182.jpg,Tiger,Tiger
Tiger_183.jpg,Tiger,Tiger
Tiger_198.jpg,Tiger,Tiger
Tiger_199.jpg,Tiger,Tiger
Volleyball_003.jpg,Volleyball,Volleyball
Volleyball_004.jpg,Volleyball,Volleyball
Volleyball_010.jpg,Volleyball,Volleyball
Volleyball_012.jpg,Volleyball,Volleyball
Volleyball_015.jpg,Volleyball,Volleyball
Volleyball_024.jpg,Volleyball,Volleyball
Volleyball_025.jpg,Volleyball,Volleyball
Volleyball_032.jpg,Volleyball,Volleyball
Volleyball_034.jpg,Volleyball,Volleyball
Volleyball_035.jpg,Volleyball,Volleyball
Volleyball_040.jpg,Volleyball,Volleyball
Volleyball_041.jpg,Volleyball,Volleyball
Volleyball_042.jpg,Volleyball,Volleyball
Volleyball_043.jpg,Volleyball,Volleyball
Volleyball_045.jpg,Volleyball,Volleyball
Volleyball_047.jpg,Volleyball,Volleyball
Volleyball_048.jpg,Volleyball,Volleyball
Volleyball_049.jpg,Volleyball,Volleyball
Volleyball_050.jpg,Volleyball,Basketball
Volleyball_055.jpg,Volleyball,Volleyball
Volleyball_058.jpg,Volleyball,Volleyball
Volleyball_071.jpg,Volleyball,Volleyball
Volleyball_074.jpg,Volleyball,Volleyball
Volleyball_078.jpg,Volleyball,Volleyball
Volleyball_081.jpg,Volleyball,Volleyball
Volleyball_084.jpg,Volleyball,Volleyball
Volleyball_088.jpg,Volleyball,Baseball
Volleyball_093.jpg,Volleyball,Volleyball
Volleyball_094.jpg,Volleyball,Volleyball
Volleyball_095.jpg,Volleyball,Volleyball
Volleyball_100.jpg,Volleyball,Volleyball
Volleyball_103.jpg,Volleyball,Volleyball
Volleyball_104.jpg,Volleyball,Volleyball
Volleyball_108.jpg,Volleyball,Volleyball
Volleyball_110.jpg,Volleyball,Volleyball
Volleyball_111.jpg,Volleyball,Volleyball
Volleyball_113.jpg,Volleyball,Volleyball
Volleyball_118.jpg,Volleyball,Volleyball
Volleyball_119.jpg,Volleyball,Volleyball
Volleyball_125.jpg,Volleyball,BWimage
Volleyball_128.jpg,Volleyball,Bus
Volleyball_138.jpg,Volleyball,Volleyball
Volleyball_142.jpg,Volleyball,Volleyball
Volleyball_143.jpg,Volleyball,Volleyball
Volleyball_150.jpg,Volleyball,Volleyball
Volleyball_152.jpg,Volleyball,Volleyball
Volleyball_153.jpg,Volleyball,Volleyball
Volleyball_154.jpg,Volleyball,Volleyball
Volleyball_155.jpg,Volleyball,Volleyball
Volleyball_160.jpg,Volleyball,Volleyball
Volleyball_161.jpg,Volleyball,Volleyball
Volleyball_162.jpg,Volleyball,Volleyball
Volleyball_171.jpg,Volleyball,Pumpkin
Volleyball_174.jpg,Volleyball,Volleyball
Volleyball_177.jpg,Volleyball,Volleyball
Volleyball_178.jpg,Volleyball,Volleyball
Volleyball_183.jpg,Volleyball,Volleyball
Volleyball_192.jpg,Volleyball,Volleyball
Volleyball_197.jpg,Volleyball,Volleyball
Volleyball_200.jpg,Volleyball,Volleyball
Waterfall_002.jpg,Waterfall,Grass
Waterfall_006.jpg,Waterfall,Waterfall
Waterfall_007.jpg,Waterfall,Waterfall
Waterfall_018.jpg,Waterfall,Waterfall
Waterfall_019.jpg,Waterfall,Beach
Waterfall_021.jpg,Waterfall,Elephant
Waterfall_024.jpg,Waterfall,Sculpt
Waterfall_028.jpg,Waterfall,Planet
Waterfall_033.jpg,Waterfall,Waterfall
Waterfall_037.jpg,Waterfall,Waterfall
Waterfall_042.jpg,Waterfall,Desert
Waterfall_046.jpg,Waterfall,Owls
Waterfall_047.jpg,Waterfall,Basketball
Waterfall_048.jpg,Waterfall,Lion
Waterfall_053.jpg,Waterfall,Grass
Waterfall_057.jpg,Waterfall,Waterfall
Waterfall_060.jpg,Waterfall,Beach
Waterfall_061.jpg,Waterfall,Waterfall
Waterfall_062.jpg,Waterfall,Waterfall
Waterfall_065.jpg,Waterfall,Waterfall
Waterfall_066.jpg,Waterfall,Waterfall
Waterfall_067.jpg,Waterfall,Waterfall
Waterfall_073.jpg,Waterfall,Waterfall
Waterfall_074.jpg,Waterfall,Waterfall
Waterfall_076.jpg,Waterfall,Waterfall
Waterfall_081.jpg,Waterfall,Waterfall
Waterfall_086.jpg,Waterfall,Waterfall
Waterfall_091.jpg,Waterfall,Waterfall
Waterfall_099.jpg,Waterfall,RacingMotor
Waterfall_105.jpg,Waterfall,Waterfall
Waterfall_115.jpg,Waterfall,Satelliteimage
Waterfall_116.jpg,Waterfall,Grass
Waterfall_117.jpg,Waterfall,Waterfall
Waterfall_119.jpg,Waterfall,Waterfall
Waterfall_122.jpg,Waterfall,RacingMotor
Waterfall_124.jpg,Waterfall,F1
Waterfall_126.jpg,Waterfall,Cropcycle
Waterfall_130.jpg,Waterfall,Mountain
Waterfall_133.jpg,Waterfall,Waterfall
Waterfall_134.jpg,Waterfall,Waterfall
Waterfall_135.jpg,Waterfall,Waterfall
Waterfall_137.jpg,Waterfall,Satelliteimage
Waterfall_140.jpg,Waterfall,Waterfall
Waterfall_142.jpg,Waterfall,Grass
Waterfall_144.jpg,Waterfall,Mountain
Waterfall_149.jpg,Waterfall,Waterfall
Waterfall_152.jpg,Waterfall,Elephant
Waterfall_153.jpg,Waterfall,Grass
Waterfall_155.jpg,Waterfall,Surfs
Waterfall_161.jpg,Waterfall,Waterfall
Waterfall_170.jpg,Waterfall,Lion
Waterfall_174.jpg,Waterfall,Waterfall
Waterfall_177.jpg,Waterfall,Baseball
Waterfall_183.jpg,Waterfall,Waterfall
Waterfall_185.jpg,Waterfall,Waterfall
Waterfall_186.jpg,Waterfall,Waterfall
Waterfall_190.jpg,Waterfall,Waterfall
Waterfall_193.jpg,Waterfall,Satelliteimage
Waterfall_194.jpg,Waterfall,Waterfall
Waterfall_195.jpg,Waterfall,Waterfall
