image_names,real class,prediction class,0.29933333333333334
AncestorDinoArt_001.jpg,AncestorDinoArt,AncestorDinoArt
AncestorDinoArt_005.jpg,AncestorDinoArt,AncestorDinoArt
AncestorDinoArt_009.jpg,AncestorDinoArt,AncestorDinoArt
AncestorDinoArt_013.jpg,AncestorDinoArt,AncestorDinoArt
AncestorDinoArt_017.jpg,AncestorDinoArt,AncestorDinoArt
AncestorDinoArt_022.jpg,AncestorDinoArt,AncestorDinoArt
AncestorDinoArt_023.jpg,AncestorDinoArt,AncestorDinoArt
AncestorDinoArt_024.jpg,AncestorDinoArt,AncestorDinoArt
AncestorDinoArt_026.jpg,AncestorDinoArt,AncestorDinoArt
AncestorDinoArt_031.jpg,AncestorDinoArt,AncestorDinoArt
AncestorDinoArt_034.jpg,AncestorDinoArt,AncestorDinoArt
AncestorDinoArt_040.jpg,AncestorDinoArt,AncestorDinoArt
AncestorDinoArt_046.jpg,AncestorDinoArt,AncestorDinoArt
AncestorDinoArt_051.jpg,AncestorDinoArt,AncestorDinoArt
AncestorDinoArt_056.jpg,AncestorDinoArt,BWimage
AncestorDinoArt_058.jpg,AncestorDinoArt,AncestorDinoArt
AncestorDinoArt_060.jpg,AncestorDinoArt,AncestorDinoArt
AncestorDinoArt_073.jpg,AncestorDinoArt,AncestorDinoArt
AncestorDinoArt_075.jpg,AncestorDinoArt,AncestorDinoArt
AncestorDinoArt_084.jpg,AncestorDinoArt,AncestorDinoArt
AncestorDinoArt_085.jpg,AncestorDinoArt,AncestorDinoArt
AncestorDinoArt_086.jpg,AncestorDinoArt,AncestorDinoArt
AncestorDinoArt_094.jpg,AncestorDinoArt,AncestorDinoArt
AncestorDinoArt_095.jpg,AncestorDinoArt,AncestorDinoArt
AncestorDinoArt_096.jpg,AncestorDinoArt,AncestorDinoArt
AncestorDinoArt_097.jpg,AncestorDinoArt,AncestorDinoArt
AncestorDinoArt_105.jpg,AncestorDinoArt,AncestorDinoArt
AncestorDinoArt_107.jpg,AncestorDinoArt,AncestorDinoArt
AncestorDinoArt_108.jpg,AncestorDinoArt,AncestorDinoArt
AncestorDinoArt_110.jpg,AncestorDinoArt,AncestorDinoArt
AncestorDinoArt_111.jpg,AncestorDinoArt,AncestorDinoArt
AncestorDinoArt_112.jpg,AncestorDinoArt,Car
AncestorDinoArt_116.jpg,AncestorDinoArt,AncestorDinoArt
AncestorDinoArt_117.jpg,AncestorDinoArt,AncestorDinoArt
AncestorDinoArt_119.jpg,AncestorDinoArt,AncestorDinoArt
AncestorDinoArt_122.jpg,AncestorDinoArt,AncestorDinoArt
AncestorDinoArt_129.jpg,AncestorDinoArt,AncestorDinoArt
AncestorDinoArt_132.jpg,AncestorDinoArt,AncestorDinoArt
AncestorDinoArt_134.jpg,AncestorDinoArt,Doors
AncestorDinoArt_136.jpg,AncestorDinoArt,AncestorDinoArt
AncestorDinoArt_140.jpg,AncestorDinoArt,AncestorDinoArt
AncestorDinoArt_141.jpg,AncestorDinoArt,AncestorDinoArt
AncestorDinoArt_142.jpg,AncestorDinoArt,AncestorDinoArt
AncestorDinoArt_145.jpg,AncestorDinoArt,Plane
AncestorDinoArt_150.jpg,AncestorDinoArt,AncestorDinoArt
AncestorDinoArt_151.jpg,AncestorDinoArt,Plane
AncestorDinoArt_152.jpg,AncestorDinoArt,AncestorDinoArt
AncestorDinoArt_154.jpg,AncestorDinoArt,Elephant
AncestorDinoArt_156.jpg,AncestorDinoArt,AncestorDinoArt
AncestorDinoArt_162.jpg,AncestorDinoArt,Sunflower
AncestorDinoArt_163.jpg,AncestorDinoArt,AncestorDinoArt
AncestorDinoArt_165.jpg,AncestorDinoArt,AncestorDinoArt
AncestorDinoArt_168.jpg,AncestorDinoArt,Model
AncestorDinoArt_170.jpg,AncestorDinoArt,AncestorDinoArt
AncestorDinoArt_171.jpg,AncestorDinoArt,AncestorDinoArt
AncestorDinoArt_172.jpg,AncestorDinoArt,Eagle
AncestorDinoArt_181.jpg,AncestorDinoArt,Sunflower
AncestorDinoArt_186.jpg,AncestorDinoArt,Model
AncestorDinoArt_194.jpg,AncestorDinoArt,AncestorDinoArt
AncestorDinoArt_196.jpg,AncestorDinoArt,AncestorDinoArt
Archit_009.jpg,Archit,Grass
Archit_010.jpg,Archit,Archit
Archit_017.jpg,Archit,Elephant
Archit_025.jpg,Archit,Sunflower
Archit_034.jpg,Archit,Doors
Archit_036.jpg,Archit,Archit
Archit_038.jpg,Archit,Sunflower
Archit_040.jpg,Archit,Archit
Archit_049.jpg,Archit,Beach
Archit_051.jpg,Archit,Archit
Archit_052.jpg,Archit,Indoor
Archit_053.jpg,Archit,Archit
Archit_062.jpg,Archit,Cropcycle
Archit_063.jpg,Archit,Sky
Archit_064.jpg,Archit,Archit
Archit_067.jpg,Archit,Stalactite
Archit_069.jpg,Archit,Group
Archit_071.jpg,Archit,Archit
Archit_074.jpg,Archit,Doors
Archit_075.jpg,Archit,Doors
Archit_077.jpg,Archit,Group
Archit_080.jpg,Archit,Model
Archit_081.jpg,Archit,Castle
Archit_085.jpg,Archit,Cropcycle
Archit_090.jpg,Archit,Tiger
Archit_091.jpg,Archit,Volleyball
Archit_095.jpg,Archit,Doors
Archit_096.jpg,Archit,Archit
Archit_099.jpg,Archit,Group
Archit_101.jpg,Archit,Car
Archit_104.jpg,Archit,Owls
Archit_110.jpg,Archit,Archit
Archit_117.jpg,Archit,Indoor
Archit_118.jpg,Archit,F1
Archit_119.jpg,Archit,BWimage
Archit_120.jpg,Archit,Sunflower
Archit_121.jpg,Archit,Indoor
Archit_123.jpg,Archit,Indoor
Archit_127.jpg,Archit,ClassicalPainting
Archit_129.jpg,Archit,Sunflower
Archit_133.jpg,Archit,Elephant
Archit_142.jpg,Archit,Model
Archit_143.jpg,Archit,Castle
Archit_144.jpg,Archit,Sunflower
Archit_146.jpg,Archit,Castle
Archit_147.jpg,Archit,Penguin
Archit_149.jpg,Archit,Eagle
Archit_157.jpg,Archit,SubSea
Archit_163.jpg,Archit,Indoor
Archit_167.jpg,Archit,Surfs
Archit_173.jpg,Archit,Basketball
Archit_174.jpg,Archit,ClassicalPainting
Archit_175.jpg,Archit,Castle
Archit_177.jpg,Archit,Indoor
Archit_179.jpg,Archit,Grass
Archit_180.jpg,Archit,Castle
Archit_184.jpg,Archit,Tiger
Archit_186.jpg,Archit,Group
Archit_188.jpg,Archit,Elephant
Archit_197.jpg,Archit,Sunflower
Baseball_001.jpg,Baseball,BWimage
Baseball_003.jpg,Baseball,Doors
Baseball_005.jpg,Baseball,Sculpt
Baseball_010.jpg,Baseball,Masks
Baseball_012.jpg,Baseball,Bus
Baseball_013.jpg,Baseball,Bus
Baseball_014.jpg,Baseball,Mountain
Baseball_016.jpg,Baseball,BWimage
Baseball_020.jpg,Baseball,Model
Baseball_029.jpg,Baseball,Sunflower
Baseball_033.jpg,Baseball,BWimage
Baseball_035.jpg,Baseball,BWimage
Baseball_041.jpg,Baseball,Model
Baseball_042.jpg,Baseball,Dog
Baseball_047.jpg,Baseball,Bus
Baseball_049.jpg,Baseball,Bus
Baseball_050.jpg,Baseball,Model
Baseball_051.jpg,Baseball,Eagle
Baseball_053.jpg,Baseball,ClassicalPainting
Baseball_056.jpg,Baseball,Doors
Baseball_062.jpg,Baseball,ClassicalPainting
Baseball_064.jpg,Baseball,Model
Baseball_065.jpg,Baseball,Elephant
Baseball_068.jpg,Baseball,Elephant
Baseball_069.jpg,Baseball,Sculpt
Baseball_074.jpg,Baseball,Sunset
Baseball_075.jpg,Baseball,Penguin
Baseball_079.jpg,Baseball,ClassicalPainting
Baseball_082.jpg,Baseball,BWimage
Baseball_086.jpg,Baseball,Group
Baseball_096.jpg,Baseball,Model
Baseball_113.jpg,Baseball,BWimage
Baseball_115.jpg,Baseball,Tiger
Baseball_116.jpg,Baseball,Penguin
Baseball_121.jpg,Baseball,BWimage
Baseball_123.jpg,Baseball,Castle
Baseball_127.jpg,Baseball,ClassicalPainting
Baseball_129.jpg,Baseball,Surfs
Baseball_131.jpg,Baseball,Doors
Baseball_134.jpg,Baseball,Sculpt
Baseball_139.jpg,Baseball,Sculpt
Baseball_141.jpg,Baseball,Sculpt
Baseball_143.jpg,Baseball,Group
Baseball_146.jpg,Baseball,BWimage
Baseball_155.jpg,Baseball,Penguin
Baseball_156.jpg,Baseball,Penguin
Baseball_168.jpg,Baseball,Penguin
Baseball_169.jpg,Baseball,Penguin
Baseball_170.jpg,Baseball,Castle
Baseball_174.jpg,Baseball,Sunflower
Baseball_176.jpg,Baseball,Sunset
Baseball_180.jpg,Baseball,Bus
Baseball_181.jpg,Baseball,Car
Baseball_184.jpg,Baseball,Dog
Baseball_186.jpg,Baseball,Indoor
Baseball_190.jpg,Baseball,Pumpkin
Baseball_191.jpg,Baseball,Indoor
Baseball_193.jpg,Baseball,Tiger
Baseball_199.jpg,Baseball,Masks
Baseball_200.jpg,Baseball,Masks
Basketball_007.jpg,Basketball,ClassicalPainting
Basketball_009.jpg,Basketball,Grass
Basketball_012.jpg,Basketball,Flower
Basketball_016.jpg,Basketball,Car
Basketball_018.jpg,Basketball,Feasts
Basketball_027.jpg,Basketball,Flower
Basketball_028.jpg,Basketball,Baseball
Basketball_031.jpg,Basketball,DeerAntelope
Basketball_033.jpg,Basketball,ClassicalPainting
Basketball_037.jpg,Basketball,Billiardsball
Basketball_038.jpg,Basketball,Baseball
Basketball_039.jpg,Basketball,Surfs
Basketball_047.jpg,Basketball,Sky
Basketball_050.jpg,Basketball,Soccer
Basketball_051.jpg,Basketball,Soccer
Basketball_052.jpg,Basketball,Baseball
Basketball_053.jpg,Basketball,RacingMotor
Basketball_059.jpg,Basketball,Baseball
Basketball_060.jpg,Basketball,Baseball
Basketball_061.jpg,Basketball,Baseball
Basketball_067.jpg,Basketball,Baseball
Basketball_071.jpg,Basketball,Baseball
Basketball_072.jpg,Basketball,RacingMotor
Basketball_073.jpg,Basketball,RacingMotor
Basketball_076.jpg,Basketball,Penguin
Basketball_078.jpg,Basketball,Sky
Basketball_080.jpg,Basketball,Baseball
Basketball_086.jpg,Basketball,Doors
Basketball_090.jpg,Basketball,Cartoon
Basketball_093.jpg,Basketball,Baseball
Basketball_094.jpg,Basketball,Baseball
Basketball_096.jpg,Basketball,Lion
Basketball_097.jpg,Basketball,Baseball
Basketball_100.jpg,Basketball,Soccer
Basketball_107.jpg,Basketball,Baseball
Basketball_114.jpg,Basketball,Baseball
Basketball_117.jpg,Basketball,Baseball
Basketball_122.jpg,Basketball,Lion
Basketball_124.jpg,Basketball,Soccer
Basketball_133.jpg,Basketball,Baseball
Basketball_147.jpg,Basketball,Sunflower
Basketball_148.jpg,Basketball,Baseball
Basketball_150.jpg,Basketball,Baseball
Basketball_153.jpg,Basketball,Baseball
Basketball_154.jpg,Basketball,Plane
Basketball_160.jpg,Basketball,Soccer
Basketball_162.jpg,Basketball,Waterfall
Basketball_166.jpg,Basketball,Baseball
Basketball_168.jpg,Basketball,Soccer
Basketball_170.jpg,Basketball,Baseball
Basketball_171.jpg,Basketball,Doors
Basketball_176.jpg,Basketball,Baseball
Basketball_178.jpg,Basketball,Baseball
Basketball_179.jpg,Basketball,Baseball
Basketball_182.jpg,Basketball,Planet
Basketball_187.jpg,Basketball,Indoor
Basketball_194.jpg,Basketball,Baseball
Basketball_196.jpg,Basketball,Baseball
Basketball_197.jpg,Basketball,Baseball
Basketball_198.jpg,Basketball,Masks
Beach_002.jpg,Beach,Doors
Beach_013.jpg,Beach,Flower
Beach_015.jpg,Beach,Baseball
Beach_022.jpg,Beach,Basketball
Beach_028.jpg,Beach,Cropcycle
Beach_030.jpg,Beach,DeerAntelope
Beach_031.jpg,Beach,Elephant
Beach_037.jpg,Beach,Waterfall
Beach_039.jpg,Beach,Masks
Beach_044.jpg,Beach,AncestorDinoArt
Beach_054.jpg,Beach,Basketball
Beach_055.jpg,Beach,Model
Beach_056.jpg,Beach,Tiger
Beach_057.jpg,Beach,Basketball
Beach_058.jpg,Beach,Citynight
Beach_060.jpg,Beach,Dog
Beach_065.jpg,Beach,Basketball
Beach_068.jpg,Beach,Basketball
Beach_069.jpg,Beach,Basketball
Beach_071.jpg,Beach,Basketball
Beach_074.jpg,Beach,Basketball
Beach_082.jpg,Beach,ClassicalPainting
Beach_083.jpg,Beach,Basketball
Beach_084.jpg,Beach,Basketball
Beach_089.jpg,Beach,Basketball
Beach_090.jpg,Beach,Basketball
Beach_092.jpg,Beach,ClassicalPainting
Beach_098.jpg,Beach,Basketball
Beach_100.jpg,Beach,Basketball
Beach_103.jpg,Beach,Basketball
Beach_104.jpg,Beach,Basketball
Beach_115.jpg,Beach,Citynight
Beach_116.jpg,Beach,Basketball
Beach_124.jpg,Beach,Basketball
Beach_126.jpg,Beach,DeerAntelope
Beach_129.jpg,Beach,Basketball
Beach_130.jpg,Beach,Basketball
Beach_131.jpg,Beach,Volleyball
Beach_134.jpg,Beach,Basketball
Beach_135.jpg,Beach,Volleyball
Beach_139.jpg,Beach,Citynight
Beach_143.jpg,Beach,Citynight
Beach_144.jpg,Beach,Basketball
Beach_146.jpg,Beach,Flower
Beach_147.jpg,Beach,ClassicalPainting
Beach_149.jpg,Beach,Basketball
Beach_151.jpg,Beach,Basketball
Beach_152.jpg,Beach,Basketball
Beach_161.jpg,Beach,Volleyball
Beach_165.jpg,Beach,Basketball
Beach_170.jpg,Beach,Basketball
Beach_172.jpg,Beach,Tiger
Beach_175.jpg,Beach,Group
Beach_176.jpg,Beach,Tiger
Beach_177.jpg,Beach,Grass
Beach_188.jpg,Beach,Masks
Beach_189.jpg,Beach,Surfs
Beach_195.jpg,Beach,Tiger
Beach_198.jpg,Beach,Feasts
Beach_199.jpg,Beach,Citynight
Billiardsball_004.jpg,Billiardsball,Group
Billiardsball_008.jpg,Billiardsball,Ship
Billiardsball_010.jpg,Billiardsball,Soccer
Billiardsball_012.jpg,Billiardsball,Sky
Billiardsball_015.jpg,Billiardsball,Beach
Billiardsball_019.jpg,Billiardsball,Surfs
Billiardsball_023.jpg,Billiardsball,Beach
Billiardsball_025.jpg,Billiardsball,Beach
Billiardsball_029.jpg,Billiardsball,Beach
Billiardsball_030.jpg,Billiardsball,Beach
Billiardsball_033.jpg,Billiardsball,Sky
Billiardsball_038.jpg,Billiardsball,Masks
Billiardsball_040.jpg,Billiardsball,F1
Billiardsball_042.jpg,Billiardsball,Surfs
Billiardsball_046.jpg,Billiardsball,Baseball
Billiardsball_047.jpg,Billiardsball,Beach
Billiardsball_049.jpg,Billiardsball,Cropcycle
Billiardsball_050.jpg,Billiardsball,Surfs
Billiardsball_056.jpg,Billiardsball,Bus
Billiardsball_058.jpg,Billiardsball,Beach
Billiardsball_061.jpg,Billiardsball,Sky
Billiardsball_064.jpg,Billiardsball,Baseball
Billiardsball_065.jpg,Billiardsball,Penguin
Billiardsball_068.jpg,Billiardsball,Sunflower
Billiardsball_078.jpg,Billiardsball,Archit
Billiardsball_081.jpg,Billiardsball,Surfs
Billiardsball_083.jpg,Billiardsball,Beach
Billiardsball_087.jpg,Billiardsball,Surfs
Billiardsball_091.jpg,Billiardsball,DeerAntelope
Billiardsball_098.jpg,Billiardsball,Surfs
Billiardsball_099.jpg,Billiardsball,Mountain
Billiardsball_103.jpg,Billiardsball,Billiardsball
Billiardsball_104.jpg,Billiardsball,Sky
Billiardsball_107.jpg,Billiardsball,Beach
Billiardsball_109.jpg,Billiardsball,Tiger
Billiardsball_121.jpg,Billiardsball,Surfs
Billiardsball_130.jpg,Billiardsball,Sunflower
Billiardsball_132.jpg,Billiardsball,Mountain
Billiardsball_136.jpg,Billiardsball,Archit
Billiardsball_137.jpg,Billiardsball,Grass
Billiardsball_138.jpg,Billiardsball,Surfs
Billiardsball_139.jpg,Billiardsball,Baseball
Billiardsball_141.jpg,Billiardsball,Beach
Billiardsball_143.jpg,Billiardsball,Dog
Billiardsball_148.jpg,Billiardsball,Feasts
Billiardsball_151.jpg,Billiardsball,Cropcycle
Billiardsball_156.jpg,Billiardsball,Citynight
Billiardsball_158.jpg,Billiardsball,SubSea
Billiardsball_159.jpg,Billiardsball,Mountain
Billiardsball_160.jpg,Billiardsball,Surfs
Billiardsball_161.jpg,Billiardsball,Beach
Billiardsball_165.jpg,Billiardsball,Grass
Billiardsball_166.jpg,Billiardsball,Feasts
Billiardsball_173.jpg,Billiardsball,Beach
Billiardsball_174.jpg,Billiardsball,Sunset
Billiardsball_178.jpg,Billiardsball,Eagle
Billiardsball_180.jpg,Billiardsball,Group
Billiardsball_181.jpg,Billiardsball,Elephant
Billiardsball_183.jpg,Billiardsball,RacingMotor
Billiardsball_192.jpg,Billiardsball,Mountain
Bus_003.jpg,Bus,Bus
Bus_007.jpg,Bus,Billiardsball
Bus_008.jpg,Bus,Sunset
Bus_010.jpg,Bus,Eagle
Bus_014.jpg,Bus,Billiardsball
Bus_015.jpg,Bus,Citynight
Bus_020.jpg,Bus,Billiardsball
Bus_022.jpg,Bus,Citynight
Bus_031.jpg,Bus,Billiardsball
Bus_033.jpg,Bus,Billiardsball
Bus_036.jpg,Bus,Flower
Bus_040.jpg,Bus,Billiardsball
Bus_044.jpg,Bus,Billiardsball
Bus_045.jpg,Bus,Billiardsball
Bus_048.jpg,Bus,Billiardsball
Bus_053.jpg,Bus,Billiardsball
Bus_054.jpg,Bus,ClassicalPainting
Bus_055.jpg,Bus,Billiardsball
Bus_060.jpg,Bus,Sunset
Bus_062.jpg,Bus,Billiardsball
Bus_069.jpg,Bus,Billiardsball
Bus_075.jpg,Bus,Sunset
Bus_076.jpg,Bus,Billiardsball
Bus_077.jpg,Bus,Billiardsball
Bus_089.jpg,Bus,Doors
Bus_091.jpg,Bus,SubSea
Bus_094.jpg,Bus,Billiardsball
Bus_095.jpg,Bus,Dog
Bus_105.jpg,Bus,Billiardsball
Bus_107.jpg,Bus,Billiardsball
Bus_109.jpg,Bus,Billiardsball
Bus_112.jpg,Bus,Billiardsball
Bus_114.jpg,Bus,Citynight
Bus_117.jpg,Bus,Billiardsball
Bus_123.jpg,Bus,Billiardsball
Bus_131.jpg,Bus,Billiardsball
Bus_132.jpg,Bus,Billiardsball
Bus_134.jpg,Bus,Billiardsball
Bus_141.jpg,Bus,Billiardsball
Bus_142.jpg,Bus,Billiardsball
Bus_143.jpg,Bus,Billiardsball
Bus_145.jpg,Bus,Billiardsball
Bus_150.jpg,Bus,Billiardsball
Bus_151.jpg,Bus,Billiardsball
Bus_153.jpg,Bus,Billiardsball
Bus_155.jpg,Bus,Billiardsball
Bus_157.jpg,Bus,Model
Bus_161.jpg,Bus,Doors
Bus_162.jpg,Bus,Surfs
Bus_169.jpg,Bus,Car
Bus_173.jpg,Bus,Dog
Bus_175.jpg,Bus,ClassicalPainting
Bus_179.jpg,Bus,ClassicalPainting
Bus_184.jpg,Bus,Surfs
Bus_187.jpg,Bus,Masks
Bus_188.jpg,Bus,Billiardsball
Bus_189.jpg,Bus,Bus
Bus_196.jpg,Bus,Car
Bus_198.jpg,Bus,Citynight
Bus_199.jpg,Bus,Model
BWimage_001.jpg,BWimage,Car
BWimage_008.jpg,BWimage,Mountain
BWimage_009.jpg,BWimage,Archit
BWimage_012.jpg,BWimage,Car
BWimage_013.jpg,BWimage,Tiger
BWimage_015.jpg,BWimage,Surfs
BWimage_021.jpg,BWimage,Car
BWimage_022.jpg,BWimage,Doors
BWimage_027.jpg,BWimage,Model
BWimage_028.jpg,BWimage,Bus
BWimage_031.jpg,BWimage,Sculpt
BWimage_032.jpg,BWimage,Car
BWimage_034.jpg,BWimage,Bus
BWimage_044.jpg,BWimage,Bus
BWimage_046.jpg,BWimage,Bus
BWimage_047.jpg,BWimage,Bus
BWimage_055.jpg,BWimage,Bus
BWimage_056.jpg,BWimage,Car
BWimage_058.jpg,BWimage,Bus
BWimage_065.jpg,BWimage,Bus
BWimage_068.jpg,BWimage,Bus
BWimage_069.jpg,BWimage,Waterfall
BWimage_074.jpg,BWimage,Feasts
BWimage_075.jpg,BWimage,ClassicalPainting
BWimage_076.jpg,BWimage,Bus
BWimage_077.jpg,BWimage,Bus
BWimage_079.jpg,BWimage,Bus
BWimage_081.jpg,BWimage,Bus
BWimage_084.jpg,BWimage,Owls
BWimage_087.jpg,BWimage,Group
BWimage_095.jpg,BWimage,Bus
BWimage_098.jpg,BWimage,Sunflower
BWimage_100.jpg,BWimage,Elephant
BWimage_101.jpg,BWimage,Sculpt
BWimage_104.jpg,BWimage,Bus
BWimage_108.jpg,BWimage,Bus
BWimage_112.jpg,BWimage,Bus
BWimage_117.jpg,BWimage,Bus
BWimage_122.jpg,BWimage,Bus
BWimage_124.jpg,BWimage,Masks
BWimage_125.jpg,BWimage,Grass
BWimage_128.jpg,BWimage,Car
BWimage_130.jpg,BWimage,Car
BWimage_132.jpg,BWimage,Pumpkin
BWimage_133.jpg,BWimage,Car
BWimage_134.jpg,BWimage,Bus
BWimage_145.jpg,BWimage,Bus
BWimage_149.jpg,BWimage,Elephant
BWimage_152.jpg,BWimage,Bus
BWimage_156.jpg,BWimage,Car
BWimage_164.jpg,BWimage,BWimage
BWimage_167.jpg,BWimage,Elephant
BWimage_169.jpg,BWimage,Car
BWimage_174.jpg,BWimage,AncestorDinoArt
BWimage_182.jpg,BWimage,Sunflower
BWimage_186.jpg,BWimage,Bus
BWimage_187.jpg,BWimage,Bus
BWimage_189.jpg,BWimage,Bus
BWimage_190.jpg,BWimage,Sunflower
BWimage_198.jpg,BWimage,Bus
Car_001.jpg,Car,Car
Car_006.jpg,Car,BWimage
Car_009.jpg,Car,Car
Car_010.jpg,Car,BWimage
Car_015.jpg,Car,Castle
Car_021.jpg,Car,BWimage
Car_024.jpg,Car,Car
Car_026.jpg,Car,Car
Car_029.jpg,Car,Car
Car_032.jpg,Car,Model
Car_034.jpg,Car,Car
Car_035.jpg,Car,Bus
Car_036.jpg,Car,Car
Car_038.jpg,Car,Car
Car_041.jpg,Car,Car
Car_044.jpg,Car,Car
Car_048.jpg,Car,Car
Car_060.jpg,Car,Car
Car_065.jpg,Car,Model
Car_066.jpg,Car,Masks
Car_072.jpg,Car,Citynight
Car_080.jpg,Car,Archit
Car_082.jpg,Car,Car
Car_084.jpg,Car,Castle
Car_091.jpg,Car,Mountain
Car_092.jpg,Car,Satelliteimage
Car_096.jpg,Car,Castle
Car_099.jpg,Car,Car
Car_105.jpg,Car,Dog
Car_108.jpg,Car,Bus
Car_109.jpg,Car,Car
Car_110.jpg,Car,Car
Car_112.jpg,Car,Car
Car_117.jpg,Car,Car
Car_119.jpg,Car,Grass
Car_121.jpg,Car,Car
Car_124.jpg,Car,Car
Car_127.jpg,Car,Car
Car_129.jpg,Car,Car
Car_135.jpg,Car,Car
Car_137.jpg,Car,Car
Car_138.jpg,Car,Car
Car_142.jpg,Car,Car
Car_145.jpg,Car,Bus
Car_147.jpg,Car,Car
Car_148.jpg,Car,Plane
Car_151.jpg,Car,Car
Car_155.jpg,Car,Car
Car_158.jpg,Car,Plane
Car_164.jpg,Car,Car
Car_166.jpg,Car,ClassicalPainting
Car_167.jpg,Car,Surfs
Car_170.jpg,Car,Castle
Car_173.jpg,Car,Flower
Car_176.jpg,Car,Car
Car_177.jpg,Car,Car
Car_178.jpg,Car,Sunflower
Car_180.jpg,Car,Bus
Car_186.jpg,Car,BWimage
Car_193.jpg,Car,Sunflower
Cartoon_003.jpg,Cartoon,Cartoon
Cartoon_004.jpg,Cartoon,Lion
Cartoon_007.jpg,Cartoon,Cartoon
Cartoon_016.jpg,Cartoon,ClassicalPainting
Cartoon_028.jpg,Cartoon,Group
Cartoon_029.jpg,Cartoon,Lion
Cartoon_030.jpg,Cartoon,Cartoon
Cartoon_031.jpg,Cartoon,Cartoon
Cartoon_038.jpg,Cartoon,Cartoon
Cartoon_040.jpg,Cartoon,Cartoon
Cartoon_043.jpg,Cartoon,Flower
Cartoon_044.jpg,Cartoon,Cartoon
Cartoon_048.jpg,Cartoon,Volleyball
Cartoon_049.jpg,Cartoon,Dog
Cartoon_056.jpg,Cartoon,Doors
Cartoon_060.jpg,Cartoon,Cartoon
Cartoon_062.jpg,Cartoon,Cartoon
Cartoon_063.jpg,Cartoon,Cartoon
Cartoon_067.jpg,Cartoon,Stalactite
Cartoon_068.jpg,Cartoon,Volleyball
Cartoon_074.jpg,Cartoon,Cartoon
Cartoon_075.jpg,Cartoon,Volleyball
Cartoon_077.jpg,Cartoon,Car
Cartoon_078.jpg,Cartoon,Cropcycle
Cartoon_081.jpg,Cartoon,Doors
Cartoon_084.jpg,Cartoon,Sunflower
Cartoon_085.jpg,Cartoon,Sunflower
Cartoon_088.jpg,Cartoon,Lion
Cartoon_090.jpg,Cartoon,Sunflower
Cartoon_091.jpg,Cartoon,Cropcycle
Cartoon_095.jpg,Cartoon,Cartoon
Cartoon_102.jpg,Cartoon,ClassicalPainting
Cartoon_103.jpg,Cartoon,Doors
Cartoon_107.jpg,Cartoon,Masks
Cartoon_110.jpg,Cartoon,Cartoon
Cartoon_112.jpg,Cartoon,Waterfall
Cartoon_113.jpg,Cartoon,Doors
Cartoon_114.jpg,Cartoon,Basketball
Cartoon_122.jpg,Cartoon,Cartoon
Cartoon_125.jpg,Cartoon,Doors
Cartoon_131.jpg,Cartoon,Cartoon
Cartoon_134.jpg,Cartoon,Lion
Cartoon_135.jpg,Cartoon,Indoor
Cartoon_139.jpg,Cartoon,Flower
Cartoon_143.jpg,Cartoon,Cartoon
Cartoon_151.jpg,Cartoon,Dog
Cartoon_153.jpg,Cartoon,ClassicalPainting
Cartoon_154.jpg,Cartoon,SubSea
Cartoon_155.jpg,Cartoon,Volleyball
Cartoon_159.jpg,Cartoon,Soccer
Cartoon_160.jpg,Cartoon,Flower
Cartoon_163.jpg,Cartoon,Cartoon
Cartoon_168.jpg,Cartoon,Flower
Cartoon_170.jpg,Cartoon,Cartoon
Cartoon_173.jpg,Cartoon,Surfs
Cartoon_181.jpg,Cartoon,Cartoon
Cartoon_185.jpg,Cartoon,Cartoon
Cartoon_186.jpg,Cartoon,Soccer
Cartoon_188.jpg,Cartoon,Lion
Cartoon_197.jpg,Cartoon,Indoor
Castle_001.jpg,Castle,Elephant
Castle_007.jpg,Castle,Mountain
Castle_011.jpg,Castle,Castle
Castle_012.jpg,Castle,Sunset
Castle_017.jpg,Castle,Desert
Castle_018.jpg,Castle,Ship
Castle_021.jpg,Castle,Castle
Castle_023.jpg,Castle,ClassicalPainting
Castle_024.jpg,Castle,Castle
Castle_027.jpg,Castle,Castle
Castle_035.jpg,Castle,Castle
Castle_038.jpg,Castle,ClassicalPainting
Castle_039.jpg,Castle,Mountain
Castle_042.jpg,Castle,Castle
Castle_043.jpg,Castle,Sunflower
Castle_046.jpg,Castle,Archit
Castle_056.jpg,Castle,Grass
Castle_060.jpg,Castle,Sunflower
Castle_063.jpg,Castle,Ship
Castle_065.jpg,Castle,Castle
Castle_071.jpg,Castle,Surfs
Castle_072.jpg,Castle,Castle
Castle_076.jpg,Castle,Surfs
Castle_078.jpg,Castle,Mountain
Castle_080.jpg,Castle,Car
Castle_081.jpg,Castle,Masks
Castle_084.jpg,Castle,Sunflower
Castle_089.jpg,Castle,Mountain
Castle_091.jpg,Castle,Indoor
Castle_094.jpg,Castle,Indoor
Castle_096.jpg,Castle,Indoor
Castle_097.jpg,Castle,Sunset
Castle_098.jpg,Castle,Castle
Castle_103.jpg,Castle,Sunflower
Castle_105.jpg,Castle,SubSea
Castle_110.jpg,Castle,Sunflower
Castle_112.jpg,Castle,Elephant
Castle_114.jpg,Castle,Dog
Castle_115.jpg,Castle,Lion
Castle_132.jpg,Castle,Archit
Castle_136.jpg,Castle,Bus
Castle_138.jpg,Castle,Castle
Castle_140.jpg,Castle,Sunflower
Castle_143.jpg,Castle,Archit
Castle_152.jpg,Castle,Group
Castle_154.jpg,Castle,Group
Castle_161.jpg,Castle,Beach
Castle_167.jpg,Castle,Castle
Castle_170.jpg,Castle,Eagle
Castle_171.jpg,Castle,Castle
Castle_176.jpg,Castle,Indoor
Castle_180.jpg,Castle,Elephant
Castle_181.jpg,Castle,Grass
Castle_190.jpg,Castle,Indoor
Castle_191.jpg,Castle,Castle
Castle_192.jpg,Castle,Bus
Castle_194.jpg,Castle,Mountain
Castle_195.jpg,Castle,Grass
Castle_196.jpg,Castle,Castle
Castle_200.jpg,Castle,Castle
Citynight_005.jpg,Citynight,Masks
Citynight_013.jpg,Citynight,Citynight
Citynight_014.jpg,Citynight,Citynight
Citynight_015.jpg,Citynight,Grass
Citynight_016.jpg,Citynight,ClassicalPainting
Citynight_020.jpg,Citynight,Masks
Citynight_021.jpg,Citynight,Citynight
Citynight_024.jpg,Citynight,SubSea
Citynight_026.jpg,Citynight,Citynight
Citynight_028.jpg,Citynight,Citynight
Citynight_029.jpg,Citynight,Owls
Citynight_032.jpg,Citynight,Citynight
Citynight_038.jpg,Citynight,Citynight
Citynight_042.jpg,Citynight,Ship
Citynight_051.jpg,Citynight,Citynight
Citynight_053.jpg,Citynight,Owls
Citynight_056.jpg,Citynight,Citynight
Citynight_057.jpg,Citynight,Car
Citynight_061.jpg,Citynight,Citynight
Citynight_064.jpg,Citynight,ClassicalPainting
Citynight_068.jpg,Citynight,Feasts
Citynight_076.jpg,Citynight,Citynight
Citynight_081.jpg,Citynight,Citynight
Citynight_083.jpg,Citynight,Citynight
Citynight_087.jpg,Citynight,Citynight
Citynight_088.jpg,Citynight,Citynight
Citynight_089.jpg,Citynight,Citynight
Citynight_090.jpg,Citynight,Owls
Citynight_092.jpg,Citynight,Indoor
Citynight_093.jpg,Citynight,Masks
Citynight_099.jpg,Citynight,Masks
Citynight_102.jpg,Citynight,Citynight
Citynight_105.jpg,Citynight,Masks
Citynight_107.jpg,Citynight,Citynight
Citynight_113.jpg,Citynight,Citynight
Citynight_114.jpg,Citynight,Citynight
Citynight_116.jpg,Citynight,Citynight
Citynight_118.jpg,Citynight,Citynight
Citynight_126.jpg,Citynight,Pumpkin
Citynight_128.jpg,Citynight,Citynight
Citynight_129.jpg,Citynight,Stalactite
Citynight_133.jpg,Citynight,Castle
Citynight_138.jpg,Citynight,Feasts
Citynight_139.jpg,Citynight,Grass
Citynight_142.jpg,Citynight,Citynight
Citynight_144.jpg,Citynight,Group
Citynight_147.jpg,Citynight,SubSea
Citynight_149.jpg,Citynight,Feasts
Citynight_153.jpg,Citynight,Citynight
Citynight_157.jpg,Citynight,SubSea
Citynight_161.jpg,Citynight,Sunset
Citynight_169.jpg,Citynight,Citynight
Citynight_172.jpg,Citynight,Citynight
Citynight_173.jpg,Citynight,Owls
Citynight_181.jpg,Citynight,Citynight
Citynight_182.jpg,Citynight,Citynight
Citynight_185.jpg,Citynight,Car
Citynight_189.jpg,Citynight,Citynight
Citynight_192.jpg,Citynight,Waterfall
Citynight_199.jpg,Citynight,Citynight
ClassicalPainting_002.jpg,ClassicalPainting,Masks
ClassicalPainting_011.jpg,ClassicalPainting,ClassicalPainting
ClassicalPainting_012.jpg,ClassicalPainting,ClassicalPainting
ClassicalPainting_014.jpg,ClassicalPainting,ClassicalPainting
ClassicalPainting_016.jpg,ClassicalPainting,ClassicalPainting
ClassicalPainting_018.jpg,ClassicalPainting,Flower
ClassicalPainting_020.jpg,ClassicalPainting,ClassicalPainting
ClassicalPainting_023.jpg,ClassicalPainting,Masks
ClassicalPainting_027.jpg,ClassicalPainting,Flower
ClassicalPainting_028.jpg,ClassicalPainting,SubSea
ClassicalPainting_032.jpg,ClassicalPainting,ClassicalPainting
ClassicalPainting_036.jpg,ClassicalPainting,ClassicalPainting
ClassicalPainting_039.jpg,ClassicalPainting,ClassicalPainting
ClassicalPainting_040.jpg,ClassicalPainting,ClassicalPainting
ClassicalPainting_042.jpg,ClassicalPainting,Desert
ClassicalPainting_046.jpg,ClassicalPainting,ClassicalPainting
ClassicalPainting_050.jpg,ClassicalPainting,ClassicalPainting
ClassicalPainting_051.jpg,ClassicalPainting,ClassicalPainting
ClassicalPainting_055.jpg,ClassicalPainting,ClassicalPainting
ClassicalPainting_056.jpg,ClassicalPainting,ClassicalPainting
ClassicalPainting_059.jpg,ClassicalPainting,ClassicalPainting
ClassicalPainting_061.jpg,ClassicalPainting,ClassicalPainting
ClassicalPainting_064.jpg,ClassicalPainting,Soccer
ClassicalPainting_065.jpg,ClassicalPainting,Citynight
ClassicalPainting_068.jpg,ClassicalPainting,Lion
ClassicalPainting_070.jpg,ClassicalPainting,ClassicalPainting
ClassicalPainting_077.jpg,ClassicalPainting,Dog
ClassicalPainting_082.jpg,ClassicalPainting,Penguin
ClassicalPainting_084.jpg,ClassicalPainting,ClassicalPainting
ClassicalPainting_086.jpg,ClassicalPainting,ClassicalPainting
ClassicalPainting_090.jpg,ClassicalPainting,Pumpkin
ClassicalPainting_093.jpg,ClassicalPainting,ClassicalPainting
ClassicalPainting_097.jpg,ClassicalPainting,Sunset
ClassicalPainting_101.jpg,ClassicalPainting,ClassicalPainting
ClassicalPainting_102.jpg,ClassicalPainting,ClassicalPainting
ClassicalPainting_107.jpg,ClassicalPainting,Sunflower
ClassicalPainting_108.jpg,ClassicalPainting,Dog
ClassicalPainting_114.jpg,ClassicalPainting,Dog
ClassicalPainting_121.jpg,ClassicalPainting,Indoor
ClassicalPainting_125.jpg,ClassicalPainting,Basketball
ClassicalPainting_126.jpg,ClassicalPainting,Soccer
ClassicalPainting_127.jpg,ClassicalPainting,Soccer
ClassicalPainting_128.jpg,ClassicalPainting,ClassicalPainting
ClassicalPainting_132.jpg,ClassicalPainting,Soccer
ClassicalPainting_139.jpg,ClassicalPainting,Masks
ClassicalPainting_148.jpg,ClassicalPainting,Planet
ClassicalPainting_151.jpg,ClassicalPainting,Owls
ClassicalPainting_155.jpg,ClassicalPainting,Car
ClassicalPainting_161.jpg,ClassicalPainting,Flower
ClassicalPainting_162.jpg,ClassicalPainting,SubSea
ClassicalPainting_167.jpg,ClassicalPainting,Indoor
ClassicalPainting_168.jpg,ClassicalPainting,Planet
ClassicalPainting_171.jpg,ClassicalPainting,Waterfall
ClassicalPainting_176.jpg,ClassicalPainting,Stalactite
ClassicalPainting_179.jpg,ClassicalPainting,Stalactite
ClassicalPainting_184.jpg,ClassicalPainting,Masks
ClassicalPainting_186.jpg,ClassicalPainting,Sunflower
ClassicalPainting_191.jpg,ClassicalPainting,Owls
ClassicalPainting_193.jpg,ClassicalPainting,Flower
ClassicalPainting_194.jpg,ClassicalPainting,Sunset
Cropcycle_001.jpg,Cropcycle,Cropcycle
Cropcycle_005.jpg,Cropcycle,Cropcycle
Cropcycle_007.jpg,Cropcycle,Sunflower
Cropcycle_015.jpg,Cropcycle,ClassicalPainting
Cropcycle_016.jpg,Cropcycle,Tiger
Cropcycle_019.jpg,Cropcycle,Cropcycle
Cropcycle_027.jpg,Cropcycle,DeerAntelope
Cropcycle_032.jpg,Cropcycle,Cropcycle
Cropcycle_036.jpg,Cropcycle,DeerAntelope
Cropcycle_038.jpg,Cropcycle,Feasts
Cropcycle_043.jpg,Cropcycle,Group
Cropcycle_050.jpg,Cropcycle,DeerAntelope
Cropcycle_052.jpg,Cropcycle,Cropcycle
Cropcycle_054.jpg,Cropcycle,Cropcycle
Cropcycle_056.jpg,Cropcycle,Cropcycle
Cropcycle_058.jpg,Cropcycle,Cropcycle
Cropcycle_061.jpg,Cropcycle,Stalactite
Cropcycle_064.jpg,Cropcycle,Masks
Cropcycle_065.jpg,Cropcycle,Pumpkin
Cropcycle_067.jpg,Cropcycle,Soccer
Cropcycle_077.jpg,Cropcycle,Group
Cropcycle_083.jpg,Cropcycle,Sunflower
Cropcycle_084.jpg,Cropcycle,Cropcycle
Cropcycle_085.jpg,Cropcycle,Cropcycle
Cropcycle_086.jpg,Cropcycle,Cropcycle
Cropcycle_092.jpg,Cropcycle,Cropcycle
Cropcycle_093.jpg,Cropcycle,Cropcycle
Cropcycle_096.jpg,Cropcycle,ClassicalPainting
Cropcycle_099.jpg,Cropcycle,Cropcycle
Cropcycle_103.jpg,Cropcycle,Cropcycle
Cropcycle_114.jpg,Cropcycle,Cropcycle
Cropcycle_123.jpg,Cropcycle,Cropcycle
Cropcycle_127.jpg,Cropcycle,Cropcycle
Cropcycle_128.jpg,Cropcycle,Cropcycle
Cropcycle_129.jpg,Cropcycle,Cropcycle
Cropcycle_131.jpg,Cropcycle,Cropcycle
Cropcycle_136.jpg,Cropcycle,Citynight
Cropcycle_137.jpg,Cropcycle,ClassicalPainting
Cropcycle_141.jpg,Cropcycle,Cropcycle
Cropcycle_143.jpg,Cropcycle,Masks
Cropcycle_146.jpg,Cropcycle,Stalactite
Cropcycle_151.jpg,Cropcycle,Masks
Cropcycle_153.jpg,Cropcycle,Citynight
Cropcycle_156.jpg,Cropcycle,Cropcycle
Cropcycle_158.jpg,Cropcycle,Cropcycle
Cropcycle_160.jpg,Cropcycle,Cropcycle
Cropcycle_163.jpg,Cropcycle,Dog
Cropcycle_165.jpg,Cropcycle,Cropcycle
Cropcycle_168.jpg,Cropcycle,Cropcycle
Cropcycle_170.jpg,Cropcycle,Tiger
Cropcycle_173.jpg,Cropcycle,Cropcycle
Cropcycle_174.jpg,Cropcycle,Cropcycle
Cropcycle_176.jpg,Cropcycle,Cropcycle
Cropcycle_178.jpg,Cropcycle,Sunflower
Cropcycle_180.jpg,Cropcycle,Cropcycle
Cropcycle_182.jpg,Cropcycle,Cropcycle
Cropcycle_184.jpg,Cropcycle,ClassicalPainting
Cropcycle_185.jpg,Cropcycle,Cropcycle
Cropcycle_188.jpg,Cropcycle,Cropcycle
Cropcycle_193.jpg,Cropcycle,Feasts
DeerAntelope_006.jpg,DeerAntelope,Sunflower
DeerAntelope_007.jpg,DeerAntelope,Indoor
DeerAntelope_008.jpg,DeerAntelope,Stalactite
DeerAntelope_012.jpg,DeerAntelope,Feasts
DeerAntelope_024.jpg,DeerAntelope,Archit
DeerAntelope_030.jpg,DeerAntelope,Grass
DeerAntelope_032.jpg,DeerAntelope,Surfs
DeerAntelope_033.jpg,DeerAntelope,Feasts
DeerAntelope_038.jpg,DeerAntelope,Archit
DeerAntelope_040.jpg,DeerAntelope,DeerAntelope
DeerAntelope_041.jpg,DeerAntelope,Indoor
DeerAntelope_044.jpg,DeerAntelope,Sunflower
DeerAntelope_046.jpg,DeerAntelope,Dog
DeerAntelope_052.jpg,DeerAntelope,Surfs
DeerAntelope_056.jpg,DeerAntelope,Car
DeerAntelope_059.jpg,DeerAntelope,Billiardsball
DeerAntelope_061.jpg,DeerAntelope,Cropcycle
DeerAntelope_062.jpg,DeerAntelope,Pumpkin
DeerAntelope_064.jpg,DeerAntelope,Sunflower
DeerAntelope_069.jpg,DeerAntelope,Lion
DeerAntelope_070.jpg,DeerAntelope,Flower
DeerAntelope_073.jpg,DeerAntelope,ClassicalPainting
DeerAntelope_074.jpg,DeerAntelope,DeerAntelope
DeerAntelope_078.jpg,DeerAntelope,Penguin
DeerAntelope_079.jpg,DeerAntelope,Cropcycle
DeerAntelope_085.jpg,DeerAntelope,Cropcycle
DeerAntelope_086.jpg,DeerAntelope,Soccer
DeerAntelope_088.jpg,DeerAntelope,ClassicalPainting
DeerAntelope_089.jpg,DeerAntelope,Basketball
DeerAntelope_097.jpg,DeerAntelope,Car
DeerAntelope_098.jpg,DeerAntelope,Masks
DeerAntelope_099.jpg,DeerAntelope,Stalactite
DeerAntelope_100.jpg,DeerAntelope,Beach
DeerAntelope_102.jpg,DeerAntelope,Surfs
DeerAntelope_103.jpg,DeerAntelope,ClassicalPainting
DeerAntelope_105.jpg,DeerAntelope,Soccer
DeerAntelope_106.jpg,DeerAntelope,Cartoon
DeerAntelope_111.jpg,DeerAntelope,Beach
DeerAntelope_118.jpg,DeerAntelope,DeerAntelope
DeerAntelope_128.jpg,DeerAntelope,Stalactite
DeerAntelope_129.jpg,DeerAntelope,Sunflower
DeerAntelope_136.jpg,DeerAntelope,ClassicalPainting
DeerAntelope_138.jpg,DeerAntelope,DeerAntelope
DeerAntelope_141.jpg,DeerAntelope,Sunset
DeerAntelope_145.jpg,DeerAntelope,Plane
DeerAntelope_148.jpg,DeerAntelope,Tiger
DeerAntelope_149.jpg,DeerAntelope,Surfs
DeerAntelope_150.jpg,DeerAntelope,Surfs
DeerAntelope_152.jpg,DeerAntelope,Lion
DeerAntelope_153.jpg,DeerAntelope,DeerAntelope
DeerAntelope_162.jpg,DeerAntelope,Sculpt
DeerAntelope_171.jpg,DeerAntelope,Model
DeerAntelope_173.jpg,DeerAntelope,Sunflower
DeerAntelope_176.jpg,DeerAntelope,Castle
DeerAntelope_178.jpg,DeerAntelope,SubSea
DeerAntelope_189.jpg,DeerAntelope,Indoor
DeerAntelope_193.jpg,DeerAntelope,Lion
DeerAntelope_195.jpg,DeerAntelope,Sunset
DeerAntelope_199.jpg,DeerAntelope,Cropcycle
DeerAntelope_200.jpg,DeerAntelope,Plane
Desert_004.jpg,Desert,Sunflower
Desert_024.jpg,Desert,Flower
Desert_043.jpg,Desert,Sunflower
Desert_044.jpg,Desert,Sunflower
Desert_045.jpg,Desert,Sky
Desert_048.jpg,Desert,Elephant
Desert_053.jpg,Desert,Owls
Desert_056.jpg,Desert,Mountain
Desert_058.jpg,Desert,Castle
Desert_059.jpg,Desert,Penguin
Desert_061.jpg,Desert,Indoor
Desert_066.jpg,Desert,ClassicalPainting
Desert_068.jpg,Desert,Cropcycle
Desert_069.jpg,Desert,Grass
Desert_074.jpg,Desert,ClassicalPainting
Desert_075.jpg,Desert,Dog
Desert_078.jpg,Desert,ClassicalPainting
Desert_079.jpg,Desert,Flower
Desert_080.jpg,Desert,Soccer
Desert_081.jpg,Desert,Grass
Desert_082.jpg,Desert,Grass
Desert_085.jpg,Desert,Sunset
Desert_088.jpg,Desert,Cropcycle
Desert_090.jpg,Desert,Indoor
Desert_092.jpg,Desert,Sunflower
Desert_094.jpg,Desert,Sculpt
Desert_095.jpg,Desert,Beach
Desert_101.jpg,Desert,Sunflower
Desert_102.jpg,Desert,Tiger
Desert_105.jpg,Desert,Cropcycle
Desert_108.jpg,Desert,Desert
Desert_111.jpg,Desert,Grass
Desert_113.jpg,Desert,Surfs
Desert_115.jpg,Desert,Sunflower
Desert_117.jpg,Desert,Sunflower
Desert_119.jpg,Desert,Grass
Desert_122.jpg,Desert,Grass
Desert_124.jpg,Desert,Mountain
Desert_128.jpg,Desert,Flower
Desert_129.jpg,Desert,Sunflower
Desert_131.jpg,Desert,Desert
Desert_132.jpg,Desert,Basketball
Desert_135.jpg,Desert,Sunflower
Desert_137.jpg,Desert,Elephant
Desert_144.jpg,Desert,Satelliteimage
Desert_151.jpg,Desert,ClassicalPainting
Desert_155.jpg,Desert,Elephant
Desert_159.jpg,Desert,Baseball
Desert_166.jpg,Desert,Grass
Desert_171.jpg,Desert,Sunflower
Desert_175.jpg,Desert,Eagle
Desert_176.jpg,Desert,Sunset
Desert_177.jpg,Desert,Baseball
Desert_181.jpg,Desert,Soccer
Desert_186.jpg,Desert,Mountain
Desert_187.jpg,Desert,Sky
Desert_192.jpg,Desert,Beach
Desert_194.jpg,Desert,Beach
Desert_196.jpg,Desert,Penguin
Desert_200.jpg,Desert,Sunset
Dog_002.jpg,Dog,Doors
Dog_006.jpg,Dog,ClassicalPainting
Dog_008.jpg,Dog,ClassicalPainting
Dog_009.jpg,Dog,Dog
Dog_011.jpg,Dog,Masks
Dog_013.jpg,Dog,Waterfall
Dog_023.jpg,Dog,Indoor
Dog_029.jpg,Dog,Model
Dog_032.jpg,Dog,BWimage
Dog_036.jpg,Dog,Citynight
Dog_037.jpg,Dog,Grass
Dog_039.jpg,Dog,Penguin
Dog_040.jpg,Dog,Car
Dog_041.jpg,Dog,Waterfall
Dog_044.jpg,Dog,Sunflower
Dog_046.jpg,Dog,Soccer
Dog_048.jpg,Dog,Dog
Dog_050.jpg,Dog,Masks
Dog_054.jpg,Dog,Car
Dog_055.jpg,Dog,Lion
Dog_059.jpg,Dog,AncestorDinoArt
Dog_061.jpg,Dog,Citynight
Dog_065.jpg,Dog,Waterfall
Dog_072.jpg,Dog,Waterfall
Dog_073.jpg,Dog,Lion
Dog_074.jpg,Dog,Waterfall
Dog_078.jpg,Dog,ClassicalPainting
Dog_082.jpg,Dog,Dog
Dog_083.jpg,Dog,ClassicalPainting
Dog_084.jpg,Dog,Sculpt
Dog_091.jpg,Dog,Waterfall
Dog_100.jpg,Dog,Doors
Dog_101.jpg,Dog,Doors
Dog_102.jpg,Dog,Lion
Dog_103.jpg,Dog,Beach
Dog_108.jpg,Dog,Dog
Dog_112.jpg,Dog,Sunset
Dog_115.jpg,Dog,Waterfall
Dog_118.jpg,Dog,Doors
Dog_128.jpg,Dog,ClassicalPainting
Dog_134.jpg,Dog,Stalactite
Dog_136.jpg,Dog,Model
Dog_142.jpg,Dog,Waterfall
Dog_144.jpg,Dog,Eagle
Dog_160.jpg,Dog,Tiger
Dog_161.jpg,Dog,ClassicalPainting
Dog_162.jpg,Dog,Dog
Dog_163.jpg,Dog,Stalactite
Dog_168.jpg,Dog,BWimage
Dog_171.jpg,Dog,Grass
Dog_175.jpg,Dog,Lion
Dog_176.jpg,Dog,Sunset
Dog_182.jpg,Dog,Lion
Dog_183.jpg,Dog,Dog
Dog_184.jpg,Dog,Dog
Dog_186.jpg,Dog,Doors
Dog_187.jpg,Dog,Bus
Dog_197.jpg,Dog,Model
Dog_199.jpg,Dog,Masks
Dog_200.jpg,Dog,Model
Doors_005.jpg,Doors,Doors
Doors_008.jpg,Doors,Doors
Doors_010.jpg,Doors,Sunflower
Doors_012.jpg,Doors,BWimage
Doors_017.jpg,Doors,Doors
Doors_020.jpg,Doors,Doors
Doors_022.jpg,Doors,Doors
Doors_027.jpg,Doors,Model
Doors_029.jpg,Doors,Doors
Doors_030.jpg,Doors,Doors
Doors_033.jpg,Doors,Doors
Doors_034.jpg,Doors,Doors
Doors_037.jpg,Doors,Doors
Doors_040.jpg,Doors,Doors
Doors_042.jpg,Doors,Doors
Doors_045.jpg,Doors,Doors
Doors_047.jpg,Doors,Model
Doors_048.jpg,Doors,Doors
Doors_055.jpg,Doors,Doors
Doors_058.jpg,Doors,Bus
Doors_063.jpg,Doors,Doors
Doors_064.jpg,Doors,Doors
Doors_066.jpg,Doors,Doors
Doors_067.jpg,Doors,Basketball
Doors_080.jpg,Doors,Bus
Doors_083.jpg,Doors,BWimage
Doors_096.jpg,Doors,Doors
Doors_098.jpg,Doors,Archit
Doors_110.jpg,Doors,Castle
Doors_112.jpg,Doors,Doors
Doors_114.jpg,Doors,Penguin
Doors_116.jpg,Doors,Doors
Doors_122.jpg,Doors,Sunflower
Doors_128.jpg,Doors,Soccer
Doors_132.jpg,Doors,Plane
Doors_133.jpg,Doors,Doors
Doors_134.jpg,Doors,Doors
Doors_137.jpg,Doors,Doors
Doors_138.jpg,Doors,Doors
Doors_139.jpg,Doors,Car
Doors_144.jpg,Doors,Car
Doors_146.jpg,Doors,Doors
Doors_152.jpg,Doors,Cartoon
Doors_154.jpg,Doors,Citynight
Doors_157.jpg,Doors,Sunset
Doors_160.jpg,Doors,Stalactite
Doors_162.jpg,Doors,Basketball
Doors_163.jpg,Doors,Cartoon
Doors_169.jpg,Doors,Penguin
Doors_171.jpg,Doors,ClassicalPainting
Doors_176.jpg,Doors,ClassicalPainting
Doors_178.jpg,Doors,Owls
Doors_181.jpg,Doors,Indoor
Doors_184.jpg,Doors,ClassicalPainting
Doors_186.jpg,Doors,Doors
Doors_187.jpg,Doors,Volleyball
Doors_188.jpg,Doors,ClassicalPainting
Doors_191.jpg,Doors,Doors
Doors_194.jpg,Doors,Doors
Doors_196.jpg,Doors,Cartoon
Eagle_001.jpg,Eagle,Billiardsball
Eagle_003.jpg,Eagle,Beach
Eagle_005.jpg,Eagle,Billiardsball
Eagle_012.jpg,Eagle,Eagle
Eagle_016.jpg,Eagle,Sunset
Eagle_018.jpg,Eagle,Billiardsball
Eagle_019.jpg,Eagle,Eagle
Eagle_023.jpg,Eagle,Eagle
Eagle_024.jpg,Eagle,Desert
Eagle_029.jpg,Eagle,Eagle
Eagle_032.jpg,Eagle,Eagle
Eagle_037.jpg,Eagle,Doors
Eagle_042.jpg,Eagle,Eagle
Eagle_059.jpg,Eagle,Eagle
Eagle_060.jpg,Eagle,Eagle
Eagle_062.jpg,Eagle,Eagle
Eagle_064.jpg,Eagle,AncestorDinoArt
Eagle_066.jpg,Eagle,Eagle
Eagle_068.jpg,Eagle,Waterfall
Eagle_070.jpg,Eagle,Owls
Eagle_071.jpg,Eagle,Eagle
Eagle_073.jpg,Eagle,Mountain
Eagle_077.jpg,Eagle,Owls
Eagle_080.jpg,Eagle,Beach
Eagle_082.jpg,Eagle,Eagle
Eagle_083.jpg,Eagle,Model
Eagle_084.jpg,Eagle,Owls
Eagle_090.jpg,Eagle,Surfs
Eagle_094.jpg,Eagle,Eagle
Eagle_097.jpg,Eagle,Eagle
Eagle_103.jpg,Eagle,Eagle
Eagle_104.jpg,Eagle,Eagle
Eagle_109.jpg,Eagle,Eagle
Eagle_110.jpg,Eagle,Eagle
Eagle_111.jpg,Eagle,SubSea
Eagle_116.jpg,Eagle,Eagle
Eagle_119.jpg,Eagle,Sunflower
Eagle_121.jpg,Eagle,Eagle
Eagle_122.jpg,Eagle,Sunflower
Eagle_123.jpg,Eagle,Eagle
Eagle_124.jpg,Eagle,Eagle
Eagle_125.jpg,Eagle,AncestorDinoArt
Eagle_128.jpg,Eagle,Eagle
Eagle_129.jpg,Eagle,Plane
Eagle_135.jpg,Eagle,Eagle
Eagle_138.jpg,Eagle,Billiardsball
Eagle_146.jpg,Eagle,Eagle
Eagle_153.jpg,Eagle,Eagle
Eagle_159.jpg,Eagle,Eagle
Eagle_166.jpg,Eagle,Eagle
Eagle_173.jpg,Eagle,Indoor
Eagle_176.jpg,Eagle,Eagle
Eagle_177.jpg,Eagle,Eagle
Eagle_183.jpg,Eagle,Plane
Eagle_185.jpg,Eagle,Eagle
Eagle_191.jpg,Eagle,Penguin
Eagle_192.jpg,Eagle,Eagle
Eagle_194.jpg,Eagle,Eagle
Eagle_195.jpg,Eagle,Eagle
Eagle_198.jpg,Eagle,Eagle
Elephant_002.jpg,Elephant,Elephant
Elephant_004.jpg,Elephant,Doors
Elephant_005.jpg,Elephant,Elephant
Elephant_007.jpg,Elephant,Doors
Elephant_011.jpg,Elephant,ClassicalPainting
Elephant_012.jpg,Elephant,Feasts
Elephant_015.jpg,Elephant,Indoor
Elephant_019.jpg,Elephant,Soccer
Elephant_021.jpg,Elephant,Doors
Elephant_023.jpg,Elephant,Satelliteimage
Elephant_033.jpg,Elephant,Group
Elephant_046.jpg,Elephant,Grass
Elephant_049.jpg,Elephant,Elephant
Elephant_050.jpg,Elephant,Castle
Elephant_057.jpg,Elephant,Dog
Elephant_061.jpg,Elephant,Elephant
Elephant_063.jpg,Elephant,Bus
Elephant_065.jpg,Elephant,Basketball
Elephant_074.jpg,Elephant,Sunflower
Elephant_075.jpg,Elephant,Soccer
Elephant_077.jpg,Elephant,Elephant
Elephant_080.jpg,Elephant,Elephant
Elephant_082.jpg,Elephant,Cartoon
Elephant_083.jpg,Elephant,ClassicalPainting
Elephant_084.jpg,Elephant,Elephant
Elephant_086.jpg,Elephant,RacingMotor
Elephant_090.jpg,Elephant,Elephant
Elephant_092.jpg,Elephant,AncestorDinoArt
Elephant_094.jpg,Elephant,Dog
Elephant_097.jpg,Elephant,Elephant
Elephant_099.jpg,Elephant,Elephant
Elephant_108.jpg,Elephant,Elephant
Elephant_109.jpg,Elephant,Elephant
Elephant_111.jpg,Elephant,Bus
Elephant_116.jpg,Elephant,Sunflower
Elephant_117.jpg,Elephant,Basketball
Elephant_119.jpg,Elephant,Indoor
Elephant_121.jpg,Elephant,Cartoon
Elephant_131.jpg,Elephant,Archit
Elephant_134.jpg,Elephant,Mountain
Elephant_141.jpg,Elephant,Sunflower
Elephant_144.jpg,Elephant,Elephant
Elephant_146.jpg,Elephant,Elephant
Elephant_147.jpg,Elephant,Lion
Elephant_148.jpg,Elephant,Sunflower
Elephant_149.jpg,Elephant,Volleyball
Elephant_151.jpg,Elephant,Soccer
Elephant_155.jpg,Elephant,Satelliteimage
Elephant_165.jpg,Elephant,Elephant
Elephant_166.jpg,Elephant,Elephant
Elephant_168.jpg,Elephant,Model
Elephant_171.jpg,Elephant,Elephant
Elephant_173.jpg,Elephant,Grass
Elephant_178.jpg,Elephant,Elephant
Elephant_184.jpg,Elephant,Plane
Elephant_185.jpg,Elephant,Soccer
Elephant_189.jpg,Elephant,ClassicalPainting
Elephant_194.jpg,Elephant,Sky
Elephant_197.jpg,Elephant,Grass
Elephant_198.jpg,Elephant,Doors
F1_003.jpg,F1,Cropcycle
F1_004.jpg,F1,F1
F1_006.jpg,F1,Volleyball
F1_007.jpg,F1,Tennis
F1_008.jpg,F1,Baseball
F1_009.jpg,F1,SubSea
F1_010.jpg,F1,Car
F1_012.jpg,F1,F1
F1_020.jpg,F1,F1
F1_024.jpg,F1,Volleyball
F1_028.jpg,F1,Citynight
F1_032.jpg,F1,Baseball
F1_039.jpg,F1,Model
F1_040.jpg,F1,Baseball
F1_041.jpg,F1,Soccer
F1_043.jpg,F1,F1
F1_047.jpg,F1,Desert
F1_049.jpg,F1,RacingMotor
F1_050.jpg,F1,F1
F1_055.jpg,F1,Soccer
F1_057.jpg,F1,Pumpkin
F1_063.jpg,F1,Eagle
F1_067.jpg,F1,Indoor
F1_068.jpg,F1,Bus
F1_070.jpg,F1,F1
F1_077.jpg,F1,Car
F1_078.jpg,F1,Tennis
F1_083.jpg,F1,Cartoon
F1_085.jpg,F1,Cartoon
F1_087.jpg,F1,F1
F1_091.jpg,F1,Archit
F1_095.jpg,F1,Beach
F1_110.jpg,F1,RacingMotor
F1_111.jpg,F1,F1
F1_113.jpg,F1,Sky
F1_114.jpg,F1,F1
F1_115.jpg,F1,Baseball
F1_116.jpg,F1,F1
F1_122.jpg,F1,Soccer
F1_123.jpg,F1,Surfs
F1_129.jpg,F1,SubSea
F1_135.jpg,F1,Elephant
F1_137.jpg,F1,Car
F1_139.jpg,F1,Car
F1_142.jpg,F1,AncestorDinoArt
F1_151.jpg,F1,RacingMotor
F1_156.jpg,F1,Tiger
F1_158.jpg,F1,Beach
F1_160.jpg,F1,F1
F1_162.jpg,F1,Sunflower
F1_165.jpg,F1,RacingMotor
F1_170.jpg,F1,Car
F1_173.jpg,F1,BWimage
F1_175.jpg,F1,Tiger
F1_181.jpg,F1,Elephant
F1_182.jpg,F1,Bus
F1_185.jpg,F1,Pumpkin
F1_195.jpg,F1,Sunflower
F1_196.jpg,F1,Car
F1_200.jpg,F1,Group
Feasts_003.jpg,Feasts,Feasts
Feasts_006.jpg,Feasts,Group
Feasts_008.jpg,Feasts,Bus
Feasts_009.jpg,Feasts,Citynight
Feasts_012.jpg,Feasts,Masks
Feasts_013.jpg,Feasts,Owls
Feasts_014.jpg,Feasts,Feasts
Feasts_016.jpg,Feasts,Owls
Feasts_018.jpg,Feasts,Planet
Feasts_024.jpg,Feasts,Feasts
Feasts_025.jpg,Feasts,Elephant
Feasts_031.jpg,Feasts,Feasts
Feasts_033.jpg,Feasts,Citynight
Feasts_037.jpg,Feasts,Pumpkin
Feasts_038.jpg,Feasts,Citynight
Feasts_041.jpg,Feasts,Elephant
Feasts_052.jpg,Feasts,Volleyball
Feasts_059.jpg,Feasts,Feasts
Feasts_061.jpg,Feasts,Citynight
Feasts_062.jpg,Feasts,Feasts
Feasts_066.jpg,Feasts,Owls
Feasts_069.jpg,Feasts,SubSea
Feasts_077.jpg,Feasts,Citynight
Feasts_086.jpg,Feasts,Pumpkin
Feasts_093.jpg,Feasts,Group
Feasts_094.jpg,Feasts,SubSea
Feasts_099.jpg,Feasts,Sunflower
Feasts_105.jpg,Feasts,Feasts
Feasts_107.jpg,Feasts,Pumpkin
Feasts_108.jpg,Feasts,Archit
Feasts_111.jpg,Feasts,Feasts
Feasts_115.jpg,Feasts,ClassicalPainting
Feasts_117.jpg,Feasts,Volleyball
Feasts_119.jpg,Feasts,Feasts
Feasts_128.jpg,Feasts,Masks
Feasts_130.jpg,Feasts,SubSea
Feasts_134.jpg,Feasts,Feasts
Feasts_136.jpg,Feasts,Cropcycle
Feasts_139.jpg,Feasts,Feasts
Feasts_143.jpg,Feasts,Sunflower
Feasts_145.jpg,Feasts,Group
Feasts_150.jpg,Feasts,Masks
Feasts_153.jpg,Feasts,ClassicalPainting
Feasts_154.jpg,Feasts,Citynight
Feasts_155.jpg,Feasts,Citynight
Feasts_158.jpg,Feasts,Sunflower
Feasts_160.jpg,Feasts,DeerAntelope
Feasts_163.jpg,Feasts,Pumpkin
Feasts_166.jpg,Feasts,Car
Feasts_167.jpg,Feasts,Feasts
Feasts_168.jpg,Feasts,Model
Feasts_169.jpg,Feasts,Sunflower
Feasts_171.jpg,Feasts,Citynight
Feasts_173.jpg,Feasts,Elephant
Feasts_175.jpg,Feasts,Group
Feasts_178.jpg,Feasts,Feasts
Feasts_182.jpg,Feasts,Feasts
Feasts_184.jpg,Feasts,Group
Feasts_185.jpg,Feasts,Soccer
Feasts_196.jpg,Feasts,Feasts
Flower_002.jpg,Flower,Pumpkin
Flower_005.jpg,Flower,Citynight
Flower_006.jpg,Flower,Flower
Flower_010.jpg,Flower,ClassicalPainting
Flower_018.jpg,Flower,ClassicalPainting
Flower_019.jpg,Flower,Flower
Flower_023.jpg,Flower,Soccer
Flower_025.jpg,Flower,ClassicalPainting
Flower_027.jpg,Flower,Citynight
Flower_028.jpg,Flower,Flower
Flower_032.jpg,Flower,Masks
Flower_033.jpg,Flower,Citynight
Flower_034.jpg,Flower,Pumpkin
Flower_037.jpg,Flower,Soccer
Flower_038.jpg,Flower,Owls
Flower_041.jpg,Flower,Feasts
Flower_045.jpg,Flower,Indoor
Flower_048.jpg,Flower,ClassicalPainting
Flower_050.jpg,Flower,Soccer
Flower_054.jpg,Flower,Citynight
Flower_056.jpg,Flower,Masks
Flower_057.jpg,Flower,Masks
Flower_061.jpg,Flower,ClassicalPainting
Flower_063.jpg,Flower,Sculpt
Flower_064.jpg,Flower,Soccer
Flower_070.jpg,Flower,Indoor
Flower_073.jpg,Flower,Masks
Flower_076.jpg,Flower,Pumpkin
Flower_083.jpg,Flower,Citynight
Flower_084.jpg,Flower,Surfs
Flower_086.jpg,Flower,Indoor
Flower_088.jpg,Flower,Planet
Flower_089.jpg,Flower,ClassicalPainting
Flower_092.jpg,Flower,Sunset
Flower_093.jpg,Flower,Flower
Flower_095.jpg,Flower,Sculpt
Flower_099.jpg,Flower,Cropcycle
Flower_106.jpg,Flower,Soccer
Flower_107.jpg,Flower,Flower
Flower_109.jpg,Flower,Penguin
Flower_117.jpg,Flower,ClassicalPainting
Flower_119.jpg,Flower,RacingMotor
Flower_123.jpg,Flower,Sunset
Flower_129.jpg,Flower,Lion
Flower_133.jpg,Flower,Flower
Flower_138.jpg,Flower,Sky
Flower_142.jpg,Flower,Flower
Flower_143.jpg,Flower,Cartoon
Flower_145.jpg,Flower,Basketball
Flower_151.jpg,Flower,Dog
Flower_161.jpg,Flower,Feasts
Flower_163.jpg,Flower,Flower
Flower_172.jpg,Flower,Cartoon
Flower_173.jpg,Flower,Citynight
Flower_181.jpg,Flower,Cartoon
Flower_187.jpg,Flower,Flower
Flower_190.jpg,Flower,Flower
Flower_192.jpg,Flower,Sculpt
Flower_194.jpg,Flower,Flower
Flower_198.jpg,Flower,Indoor
Grass_002.jpg,Grass,Grass
Grass_003.jpg,Grass,Sunset
Grass_006.jpg,Grass,ClassicalPainting
Grass_011.jpg,Grass,Pumpkin
Grass_013.jpg,Grass,Flower
Grass_021.jpg,Grass,Soccer
Grass_023.jpg,Grass,Group
Grass_024.jpg,Grass,Car
Grass_027.jpg,Grass,Grass
Grass_031.jpg,Grass,Sunset
Grass_034.jpg,Grass,Grass
Grass_035.jpg,Grass,Model
Grass_038.jpg,Grass,Sunset
Grass_041.jpg,Grass,Penguin
Grass_044.jpg,Grass,Grass
Grass_047.jpg,Grass,Indoor
Grass_049.jpg,Grass,ClassicalPainting
Grass_054.jpg,Grass,Grass
Grass_056.jpg,Grass,Grass
Grass_057.jpg,Grass,Citynight
Grass_060.jpg,Grass,Grass
Grass_062.jpg,Grass,Grass
Grass_068.jpg,Grass,Doors
Grass_069.jpg,Grass,Model
Grass_071.jpg,Grass,Mountain
Grass_074.jpg,Grass,Sunflower
Grass_078.jpg,Grass,Grass
Grass_081.jpg,Grass,Sunflower
Grass_082.jpg,Grass,Sunflower
Grass_091.jpg,Grass,Elephant
Grass_093.jpg,Grass,Sunset
Grass_096.jpg,Grass,Beach
Grass_097.jpg,Grass,Penguin
Grass_098.jpg,Grass,Grass
Grass_104.jpg,Grass,Feasts
Grass_107.jpg,Grass,DeerAntelope
Grass_116.jpg,Grass,Grass
Grass_124.jpg,Grass,Bus
Grass_125.jpg,Grass,Elephant
Grass_133.jpg,Grass,Grass
Grass_134.jpg,Grass,Bus
Grass_136.jpg,Grass,Ship
Grass_141.jpg,Grass,SubSea
Grass_144.jpg,Grass,Citynight
Grass_150.jpg,Grass,Beach
Grass_151.jpg,Grass,Satelliteimage
Grass_152.jpg,Grass,Mountain
Grass_163.jpg,Grass,Grass
Grass_164.jpg,Grass,Grass
Grass_165.jpg,Grass,Grass
Grass_169.jpg,Grass,Soccer
Grass_174.jpg,Grass,Model
Grass_176.jpg,Grass,SubSea
Grass_177.jpg,Grass,Grass
Grass_182.jpg,Grass,Owls
Grass_185.jpg,Grass,Beach
Grass_189.jpg,Grass,Grass
Grass_190.jpg,Grass,BWimage
Grass_193.jpg,Grass,Tiger
Grass_195.jpg,Grass,Waterfall
Group_002.jpg,Group,Group
Group_014.jpg,Group,Sunflower
Group_021.jpg,Group,Group
Group_023.jpg,Group,Sunflower
Group_027.jpg,Group,Group
Group_037.jpg,Group,Feasts
Group_046.jpg,Group,Group
Group_047.jpg,Group,Elephant
Group_049.jpg,Group,Elephant
Group_053.jpg,Group,Group
Group_054.jpg,Group,Group
Group_059.jpg,Group,Grass
Group_061.jpg,Group,Tiger
Group_062.jpg,Group,Tiger
Group_064.jpg,Group,Tiger
Group_065.jpg,Group,Citynight
Group_071.jpg,Group,Group
Group_073.jpg,Group,Group
Group_074.jpg,Group,Citynight
Group_077.jpg,Group,Group
Group_080.jpg,Group,Citynight
Group_082.jpg,Group,Grass
Group_085.jpg,Group,Group
Group_094.jpg,Group,Sunflower
Group_101.jpg,Group,Stalactite
Group_102.jpg,Group,Lion
Group_103.jpg,Group,Cropcycle
Group_106.jpg,Group,Group
Group_112.jpg,Group,Citynight
Group_115.jpg,Group,Group
Group_120.jpg,Group,Grass
Group_121.jpg,Group,Model
Group_125.jpg,Group,Bus
Group_128.jpg,Group,Tiger
Group_130.jpg,Group,Citynight
Group_131.jpg,Group,Group
Group_132.jpg,Group,Group
Group_135.jpg,Group,Citynight
Group_137.jpg,Group,Group
Group_138.jpg,Group,Group
Group_139.jpg,Group,Feasts
Group_140.jpg,Group,Group
Group_141.jpg,Group,BWimage
Group_143.jpg,Group,Beach
Group_147.jpg,Group,Penguin
Group_156.jpg,Group,Sunflower
Group_157.jpg,Group,Doors
Group_158.jpg,Group,Grass
Group_159.jpg,Group,Tiger
Group_163.jpg,Group,Billiardsball
Group_165.jpg,Group,Soccer
Group_170.jpg,Group,Group
Group_174.jpg,Group,Tiger
Group_175.jpg,Group,Citynight
Group_178.jpg,Group,Grass
Group_180.jpg,Group,Group
Group_188.jpg,Group,Group
Group_191.jpg,Group,Masks
Group_193.jpg,Group,Group
Group_198.jpg,Group,Tiger
Indoor_002.jpg,Indoor,Masks
Indoor_009.jpg,Indoor,Dog
Indoor_011.jpg,Indoor,Indoor
Indoor_026.jpg,Indoor,Masks
Indoor_032.jpg,Indoor,Owls
Indoor_033.jpg,Indoor,Indoor
Indoor_034.jpg,Indoor,Masks
Indoor_035.jpg,Indoor,Dog
Indoor_037.jpg,Indoor,Indoor
Indoor_039.jpg,Indoor,Indoor
Indoor_040.jpg,Indoor,Indoor
Indoor_041.jpg,Indoor,Indoor
Indoor_043.jpg,Indoor,Indoor
Indoor_044.jpg,Indoor,Group
Indoor_048.jpg,Indoor,Indoor
Indoor_049.jpg,Indoor,Indoor
Indoor_050.jpg,Indoor,Indoor
Indoor_052.jpg,Indoor,Indoor
Indoor_054.jpg,Indoor,Indoor
Indoor_059.jpg,Indoor,Indoor
Indoor_062.jpg,Indoor,SubSea
Indoor_067.jpg,Indoor,Indoor
Indoor_068.jpg,Indoor,Indoor
Indoor_070.jpg,Indoor,Indoor
Indoor_071.jpg,Indoor,Masks
Indoor_072.jpg,Indoor,Doors
Indoor_073.jpg,Indoor,Indoor
Indoor_074.jpg,Indoor,Indoor
Indoor_086.jpg,Indoor,Indoor
Indoor_087.jpg,Indoor,Indoor
Indoor_091.jpg,Indoor,Indoor
Indoor_092.jpg,Indoor,Indoor
Indoor_093.jpg,Indoor,Indoor
Indoor_094.jpg,Indoor,Indoor
Indoor_096.jpg,Indoor,Indoor
Indoor_097.jpg,Indoor,Indoor
Indoor_099.jpg,Indoor,ClassicalPainting
Indoor_101.jpg,Indoor,Cartoon
Indoor_109.jpg,Indoor,Castle
Indoor_115.jpg,Indoor,Indoor
Indoor_127.jpg,Indoor,Doors
Indoor_130.jpg,Indoor,Indoor
Indoor_131.jpg,Indoor,ClassicalPainting
Indoor_132.jpg,Indoor,Stalactite
Indoor_141.jpg,Indoor,Citynight
Indoor_147.jpg,Indoor,Sunflower
Indoor_148.jpg,Indoor,Citynight
Indoor_149.jpg,Indoor,Stalactite
Indoor_150.jpg,Indoor,DeerAntelope
Indoor_152.jpg,Indoor,Indoor
Indoor_157.jpg,Indoor,Doors
Indoor_158.jpg,Indoor,DeerAntelope
Indoor_163.jpg,Indoor,Sunflower
Indoor_170.jpg,Indoor,Indoor
Indoor_176.jpg,Indoor,Indoor
Indoor_177.jpg,Indoor,Indoor
Indoor_181.jpg,Indoor,Indoor
Indoor_183.jpg,Indoor,Feasts
Indoor_193.jpg,Indoor,Doors
Indoor_199.jpg,Indoor,Stalactite
Lion_001.jpg,Lion,Car
Lion_003.jpg,Lion,Elephant
Lion_004.jpg,Lion,Tiger
Lion_010.jpg,Lion,Lion
Lion_013.jpg,Lion,Dog
Lion_017.jpg,Lion,Owls
Lion_023.jpg,Lion,Lion
Lion_025.jpg,Lion,ClassicalPainting
Lion_028.jpg,Lion,Sunflower
Lion_029.jpg,Lion,Lion
Lion_031.jpg,Lion,Model
Lion_034.jpg,Lion,ClassicalPainting
Lion_038.jpg,Lion,Tiger
Lion_039.jpg,Lion,Lion
Lion_041.jpg,Lion,Elephant
Lion_042.jpg,Lion,Soccer
Lion_048.jpg,Lion,Basketball
Lion_051.jpg,Lion,Volleyball
Lion_055.jpg,Lion,Bus
Lion_059.jpg,Lion,Lion
Lion_060.jpg,Lion,Owls
Lion_068.jpg,Lion,Indoor
Lion_071.jpg,Lion,DeerAntelope
Lion_072.jpg,Lion,Tiger
Lion_080.jpg,Lion,Elephant
Lion_085.jpg,Lion,Elephant
Lion_094.jpg,Lion,Desert
Lion_096.jpg,Lion,Elephant
Lion_097.jpg,Lion,Lion
Lion_099.jpg,Lion,Elephant
Lion_103.jpg,Lion,Elephant
Lion_105.jpg,Lion,Owls
Lion_116.jpg,Lion,Sunflower
Lion_120.jpg,Lion,Grass
Lion_122.jpg,Lion,Soccer
Lion_129.jpg,Lion,SubSea
Lion_131.jpg,Lion,Feasts
Lion_133.jpg,Lion,Flower
Lion_134.jpg,Lion,Surfs
Lion_136.jpg,Lion,Soccer
Lion_143.jpg,Lion,Sunflower
Lion_150.jpg,Lion,Sculpt
Lion_152.jpg,Lion,Pumpkin
Lion_164.jpg,Lion,Indoor
Lion_168.jpg,Lion,Cropcycle
Lion_175.jpg,Lion,Indoor
Lion_177.jpg,Lion,Indoor
Lion_178.jpg,Lion,Lion
Lion_179.jpg,Lion,Lion
Lion_181.jpg,Lion,Cartoon
Lion_182.jpg,Lion,Elephant
Lion_184.jpg,Lion,Elephant
Lion_186.jpg,Lion,Cartoon
Lion_187.jpg,Lion,Cartoon
Lion_189.jpg,Lion,Cropcycle
Lion_190.jpg,Lion,Soccer
Lion_191.jpg,Lion,Lion
Lion_194.jpg,Lion,Soccer
Lion_199.jpg,Lion,Cartoon
Lion_200.jpg,Lion,Basketball
Masks_001.jpg,Masks,Masks
Masks_003.jpg,Masks,Masks
Masks_005.jpg,Masks,Masks
Masks_008.jpg,Masks,Indoor
Masks_012.jpg,Masks,Owls
Masks_013.jpg,Masks,Sunset
Masks_015.jpg,Masks,ClassicalPainting
Masks_016.jpg,Masks,Masks
Masks_018.jpg,Masks,Masks
Masks_019.jpg,Masks,Citynight
Masks_020.jpg,Masks,Pumpkin
Masks_021.jpg,Masks,Owls
Masks_023.jpg,Masks,Citynight
Masks_024.jpg,Masks,Citynight
Masks_026.jpg,Masks,Masks
Masks_027.jpg,Masks,Indoor
Masks_031.jpg,Masks,Masks
Masks_033.jpg,Masks,Masks
Masks_034.jpg,Masks,Masks
Masks_036.jpg,Masks,Masks
Masks_039.jpg,Masks,Masks
Masks_042.jpg,Masks,Masks
Masks_046.jpg,Masks,Masks
Masks_055.jpg,Masks,Masks
Masks_069.jpg,Masks,Masks
Masks_070.jpg,Masks,Masks
Masks_071.jpg,Masks,Masks
Masks_072.jpg,Masks,Masks
Masks_074.jpg,Masks,Masks
Masks_078.jpg,Masks,Masks
Masks_079.jpg,Masks,Citynight
Masks_082.jpg,Masks,Masks
Masks_087.jpg,Masks,Planet
Masks_096.jpg,Masks,Masks
Masks_101.jpg,Masks,Citynight
Masks_102.jpg,Masks,SubSea
Masks_104.jpg,Masks,Masks
Masks_112.jpg,Masks,ClassicalPainting
Masks_114.jpg,Masks,Feasts
Masks_123.jpg,Masks,Penguin
Masks_125.jpg,Masks,Stalactite
Masks_127.jpg,Masks,Doors
Masks_128.jpg,Masks,Doors
Masks_131.jpg,Masks,SubSea
Masks_132.jpg,Masks,Masks
Masks_143.jpg,Masks,BWimage
Masks_151.jpg,Masks,Car
Masks_156.jpg,Masks,Masks
Masks_160.jpg,Masks,Indoor
Masks_163.jpg,Masks,Model
Masks_165.jpg,Masks,Masks
Masks_166.jpg,Masks,Masks
Masks_170.jpg,Masks,Planet
Masks_174.jpg,Masks,Eagle
Masks_178.jpg,Masks,Citynight
Masks_181.jpg,Masks,Waterfall
Masks_187.jpg,Masks,Masks
Masks_197.jpg,Masks,Car
Masks_199.jpg,Masks,Planet
Masks_200.jpg,Masks,Masks
Model_002.jpg,Model,Owls
Model_003.jpg,Model,F1
Model_004.jpg,Model,Indoor
Model_005.jpg,Model,Tiger
Model_006.jpg,Model,Penguin
Model_010.jpg,Model,Planet
Model_013.jpg,Model,Billiardsball
Model_016.jpg,Model,Model
Model_024.jpg,Model,Cropcycle
Model_029.jpg,Model,Castle
Model_031.jpg,Model,Model
Model_039.jpg,Model,Model
Model_041.jpg,Model,Model
Model_042.jpg,Model,Masks
Model_045.jpg,Model,Model
Model_055.jpg,Model,Model
Model_056.jpg,Model,ClassicalPainting
Model_057.jpg,Model,Model
Model_062.jpg,Model,Baseball
Model_064.jpg,Model,Model
Model_067.jpg,Model,Model
Model_069.jpg,Model,Masks
Model_071.jpg,Model,AncestorDinoArt
Model_073.jpg,Model,BWimage
Model_085.jpg,Model,BWimage
Model_093.jpg,Model,Model
Model_097.jpg,Model,Doors
Model_098.jpg,Model,Bus
Model_099.jpg,Model,Bus
Model_100.jpg,Model,Doors
Model_109.jpg,Model,Billiardsball
Model_110.jpg,Model,Flower
Model_112.jpg,Model,Doors
Model_113.jpg,Model,ClassicalPainting
Model_118.jpg,Model,Penguin
Model_119.jpg,Model,Model
Model_120.jpg,Model,Pumpkin
Model_124.jpg,Model,Eagle
Model_125.jpg,Model,RacingMotor
Model_129.jpg,Model,Planet
Model_130.jpg,Model,Penguin
Model_131.jpg,Model,Elephant
Model_141.jpg,Model,Model
Model_145.jpg,Model,Doors
Model_148.jpg,Model,Surfs
Model_150.jpg,Model,ClassicalPainting
Model_153.jpg,Model,ClassicalPainting
Model_159.jpg,Model,Elephant
Model_164.jpg,Model,BWimage
Model_167.jpg,Model,Model
Model_171.jpg,Model,Doors
Model_173.jpg,Model,Pumpkin
Model_174.jpg,Model,Pumpkin
Model_179.jpg,Model,Masks
Model_180.jpg,Model,Owls
Model_182.jpg,Model,BWimage
Model_185.jpg,Model,Penguin
Model_189.jpg,Model,Model
Model_191.jpg,Model,Model
Model_193.jpg,Model,ClassicalPainting
Mountain_001.jpg,Mountain,SubSea
Mountain_005.jpg,Mountain,Sunset
Mountain_006.jpg,Mountain,Sunflower
Mountain_012.jpg,Mountain,Mountain
Mountain_013.jpg,Mountain,Sunflower
Mountain_018.jpg,Mountain,Archit
Mountain_019.jpg,Mountain,Mountain
Mountain_023.jpg,Mountain,Mountain
Mountain_025.jpg,Mountain,Surfs
Mountain_028.jpg,Mountain,Beach
Mountain_030.jpg,Mountain,Sunflower
Mountain_032.jpg,Mountain,Grass
Mountain_035.jpg,Mountain,Grass
Mountain_037.jpg,Mountain,ClassicalPainting
Mountain_038.jpg,Mountain,ClassicalPainting
Mountain_041.jpg,Mountain,Car
Mountain_043.jpg,Mountain,Grass
Mountain_044.jpg,Mountain,Elephant
Mountain_051.jpg,Mountain,Mountain
Mountain_052.jpg,Mountain,Elephant
Mountain_062.jpg,Mountain,Archit
Mountain_066.jpg,Mountain,Sunset
Mountain_077.jpg,Mountain,Lion
Mountain_081.jpg,Mountain,Masks
Mountain_082.jpg,Mountain,Surfs
Mountain_084.jpg,Mountain,Sunset
Mountain_093.jpg,Mountain,Owls
Mountain_097.jpg,Mountain,Model
Mountain_100.jpg,Mountain,Grass
Mountain_107.jpg,Mountain,Sunflower
Mountain_109.jpg,Mountain,Archit
Mountain_111.jpg,Mountain,Car
Mountain_118.jpg,Mountain,Mountain
Mountain_120.jpg,Mountain,Cropcycle
Mountain_121.jpg,Mountain,Mountain
Mountain_123.jpg,Mountain,Cropcycle
Mountain_128.jpg,Mountain,Castle
Mountain_132.jpg,Mountain,Sunset
Mountain_136.jpg,Mountain,Desert
Mountain_139.jpg,Mountain,Grass
Mountain_143.jpg,Mountain,Sunflower
Mountain_144.jpg,Mountain,Group
Mountain_146.jpg,Mountain,Grass
Mountain_151.jpg,Mountain,Cropcycle
Mountain_152.jpg,Mountain,Beach
Mountain_158.jpg,Mountain,Ship
Mountain_161.jpg,Mountain,Soccer
Mountain_164.jpg,Mountain,Elephant
Mountain_166.jpg,Mountain,Stalactite
Mountain_169.jpg,Mountain,ClassicalPainting
Mountain_170.jpg,Mountain,SubSea
Mountain_174.jpg,Mountain,Grass
Mountain_180.jpg,Mountain,Mountain
Mountain_181.jpg,Mountain,Sunflower
Mountain_183.jpg,Mountain,Grass
Mountain_188.jpg,Mountain,Grass
Mountain_190.jpg,Mountain,Mountain
Mountain_195.jpg,Mountain,BWimage
Mountain_198.jpg,Mountain,Grass
Mountain_199.jpg,Mountain,Car
Owls_008.jpg,Owls,Indoor
Owls_009.jpg,Owls,Owls
Owls_020.jpg,Owls,SubSea
Owls_022.jpg,Owls,SubSea
Owls_028.jpg,Owls,Indoor
Owls_031.jpg,Owls,Owls
Owls_037.jpg,Owls,Owls
Owls_038.jpg,Owls,Grass
Owls_042.jpg,Owls,Sunflower
Owls_051.jpg,Owls,Elephant
Owls_052.jpg,Owls,Masks
Owls_055.jpg,Owls,Soccer
Owls_059.jpg,Owls,Sunflower
Owls_066.jpg,Owls,Masks
Owls_070.jpg,Owls,Citynight
Owls_072.jpg,Owls,Owls
Owls_073.jpg,Owls,Owls
Owls_075.jpg,Owls,Owls
Owls_077.jpg,Owls,Owls
Owls_078.jpg,Owls,Owls
Owls_084.jpg,Owls,Owls
Owls_085.jpg,Owls,Owls
Owls_086.jpg,Owls,Owls
Owls_091.jpg,Owls,Owls
Owls_094.jpg,Owls,Citynight
Owls_096.jpg,Owls,Citynight
Owls_097.jpg,Owls,Citynight
Owls_099.jpg,Owls,Owls
Owls_100.jpg,Owls,Owls
Owls_105.jpg,Owls,Owls
Owls_106.jpg,Owls,Owls
Owls_109.jpg,Owls,Citynight
Owls_113.jpg,Owls,Citynight
Owls_114.jpg,Owls,Citynight
Owls_116.jpg,Owls,SubSea
Owls_119.jpg,Owls,Owls
Owls_124.jpg,Owls,Tiger
Owls_125.jpg,Owls,Owls
Owls_132.jpg,Owls,Owls
Owls_134.jpg,Owls,Waterfall
Owls_142.jpg,Owls,Pumpkin
Owls_143.jpg,Owls,Owls
Owls_149.jpg,Owls,Waterfall
Owls_151.jpg,Owls,Owls
Owls_154.jpg,Owls,Owls
Owls_155.jpg,Owls,Owls
Owls_159.jpg,Owls,Tiger
Owls_163.jpg,Owls,Masks
Owls_167.jpg,Owls,Masks
Owls_168.jpg,Owls,Owls
Owls_169.jpg,Owls,Citynight
Owls_171.jpg,Owls,Masks
Owls_174.jpg,Owls,Sunflower
Owls_177.jpg,Owls,Owls
Owls_180.jpg,Owls,Feasts
Owls_187.jpg,Owls,Car
Owls_196.jpg,Owls,Citynight
Owls_197.jpg,Owls,Masks
Owls_198.jpg,Owls,Masks
Owls_199.jpg,Owls,Owls
Penguin_001.jpg,Penguin,Cartoon
Penguin_005.jpg,Penguin,Penguin
Penguin_007.jpg,Penguin,Penguin
Penguin_008.jpg,Penguin,Car
Penguin_010.jpg,Penguin,Car
Penguin_014.jpg,Penguin,Penguin
Penguin_024.jpg,Penguin,Doors
Penguin_026.jpg,Penguin,AncestorDinoArt
Penguin_029.jpg,Penguin,Eagle
Penguin_030.jpg,Penguin,Eagle
Penguin_036.jpg,Penguin,Soccer
Penguin_037.jpg,Penguin,Penguin
Penguin_042.jpg,Penguin,Penguin
Penguin_043.jpg,Penguin,Tennis
Penguin_057.jpg,Penguin,Penguin
Penguin_058.jpg,Penguin,Penguin
Penguin_060.jpg,Penguin,Car
Penguin_061.jpg,Penguin,Surfs
Penguin_065.jpg,Penguin,Beach
Penguin_068.jpg,Penguin,Grass
Penguin_082.jpg,Penguin,Plane
Penguin_087.jpg,Penguin,Masks
Penguin_094.jpg,Penguin,Tiger
Penguin_095.jpg,Penguin,Sunflower
Penguin_096.jpg,Penguin,Stalactite
Penguin_097.jpg,Penguin,Sunflower
Penguin_102.jpg,Penguin,Beach
Penguin_109.jpg,Penguin,Doors
Penguin_110.jpg,Penguin,Group
Penguin_120.jpg,Penguin,Indoor
Penguin_121.jpg,Penguin,Sunflower
Penguin_122.jpg,Penguin,Indoor
Penguin_123.jpg,Penguin,Waterfall
Penguin_126.jpg,Penguin,Volleyball
Penguin_129.jpg,Penguin,Penguin
Penguin_133.jpg,Penguin,Archit
Penguin_134.jpg,Penguin,Penguin
Penguin_140.jpg,Penguin,Doors
Penguin_142.jpg,Penguin,Doors
Penguin_143.jpg,Penguin,Penguin
Penguin_144.jpg,Penguin,Dog
Penguin_146.jpg,Penguin,Grass
Penguin_151.jpg,Penguin,Doors
Penguin_153.jpg,Penguin,Elephant
Penguin_154.jpg,Penguin,Doors
Penguin_156.jpg,Penguin,AncestorDinoArt
Penguin_160.jpg,Penguin,Sunset
Penguin_165.jpg,Penguin,Penguin
Penguin_166.jpg,Penguin,Penguin
Penguin_169.jpg,Penguin,Sunset
Penguin_176.jpg,Penguin,Archit
Penguin_177.jpg,Penguin,Doors
Penguin_180.jpg,Penguin,Surfs
Penguin_187.jpg,Penguin,Planet
Penguin_188.jpg,Penguin,Penguin
Penguin_191.jpg,Penguin,Eagle
Penguin_193.jpg,Penguin,Waterfall
Penguin_194.jpg,Penguin,Sunflower
Penguin_195.jpg,Penguin,Mountain
Penguin_197.jpg,Penguin,AncestorDinoArt
Plane_003.jpg,Plane,AncestorDinoArt
Plane_007.jpg,Plane,AncestorDinoArt
Plane_010.jpg,Plane,Plane
Plane_011.jpg,Plane,Plane
Plane_013.jpg,Plane,Sunflower
Plane_015.jpg,Plane,Beach
Plane_018.jpg,Plane,Surfs
Plane_023.jpg,Plane,Plane
Plane_030.jpg,Plane,Surfs
Plane_033.jpg,Plane,AncestorDinoArt
Plane_035.jpg,Plane,Eagle
Plane_036.jpg,Plane,Eagle
Plane_038.jpg,Plane,Plane
Plane_039.jpg,Plane,Mountain
Plane_047.jpg,Plane,Billiardsball
Plane_050.jpg,Plane,Eagle
Plane_051.jpg,Plane,Plane
Plane_052.jpg,Plane,Eagle
Plane_062.jpg,Plane,Eagle
Plane_064.jpg,Plane,Billiardsball
Plane_066.jpg,Plane,Beach
Plane_068.jpg,Plane,SubSea
Plane_069.jpg,Plane,Penguin
Plane_073.jpg,Plane,AncestorDinoArt
Plane_075.jpg,Plane,Model
Plane_085.jpg,Plane,Plane
Plane_087.jpg,Plane,Plane
Plane_089.jpg,Plane,AncestorDinoArt
Plane_091.jpg,Plane,Eagle
Plane_095.jpg,Plane,Eagle
Plane_096.jpg,Plane,Sunset
Plane_100.jpg,Plane,Beach
Plane_103.jpg,Plane,Eagle
Plane_109.jpg,Plane,Castle
Plane_110.jpg,Plane,Eagle
Plane_119.jpg,Plane,Masks
Plane_120.jpg,Plane,Castle
Plane_123.jpg,Plane,BWimage
Plane_125.jpg,Plane,Elephant
Plane_127.jpg,Plane,Eagle
Plane_132.jpg,Plane,Penguin
Plane_137.jpg,Plane,Penguin
Plane_144.jpg,Plane,Plane
Plane_147.jpg,Plane,Model
Plane_148.jpg,Plane,Model
Plane_150.jpg,Plane,Flower
Plane_156.jpg,Plane,Baseball
Plane_157.jpg,Plane,Beach
Plane_158.jpg,Plane,Sky
Plane_159.jpg,Plane,Plane
Plane_161.jpg,Plane,Plane
Plane_162.jpg,Plane,Billiardsball
Plane_163.jpg,Plane,Cropcycle
Plane_166.jpg,Plane,Surfs
Plane_167.jpg,Plane,Cropcycle
Plane_169.jpg,Plane,Plane
Plane_177.jpg,Plane,Car
Plane_184.jpg,Plane,AncestorDinoArt
Plane_192.jpg,Plane,Plane
Plane_194.jpg,Plane,Plane
Planet_004.jpg,Planet,Planet
Planet_008.jpg,Planet,Planet
Planet_009.jpg,Planet,Planet
Planet_010.jpg,Planet,Planet
Planet_013.jpg,Planet,Planet
Planet_020.jpg,Planet,Planet
Planet_024.jpg,Planet,ClassicalPainting
Planet_026.jpg,Planet,Planet
Planet_030.jpg,Planet,Planet
Planet_035.jpg,Planet,Flower
Planet_042.jpg,Planet,Planet
Planet_043.jpg,Planet,Sunset
Planet_045.jpg,Planet,Planet
Planet_048.jpg,Planet,Planet
Planet_050.jpg,Planet,Planet
Planet_052.jpg,Planet,Planet
Planet_057.jpg,Planet,Planet
Planet_060.jpg,Planet,Planet
Planet_061.jpg,Planet,Planet
Planet_062.jpg,Planet,Planet
Planet_065.jpg,Planet,Sunset
Planet_069.jpg,Planet,Planet
Planet_071.jpg,Planet,Planet
Planet_072.jpg,Planet,Planet
Planet_074.jpg,Planet,Planet
Planet_076.jpg,Planet,Planet
Planet_077.jpg,Planet,Sky
Planet_081.jpg,Planet,Planet
Planet_082.jpg,Planet,Planet
Planet_087.jpg,Planet,Planet
Planet_091.jpg,Planet,Planet
Planet_092.jpg,Planet,Planet
Planet_093.jpg,Planet,Group
Planet_095.jpg,Planet,Sky
Planet_097.jpg,Planet,Planet
Planet_105.jpg,Planet,Sunset
Planet_110.jpg,Planet,Sky
Planet_116.jpg,Planet,Planet
Planet_125.jpg,Planet,Planet
Planet_130.jpg,Planet,Sky
Planet_137.jpg,Planet,Planet
Planet_138.jpg,Planet,Surfs
Planet_140.jpg,Planet,ClassicalPainting
Planet_141.jpg,Planet,Planet
Planet_142.jpg,Planet,Planet
Planet_144.jpg,Planet,Planet
Planet_148.jpg,Planet,Sunset
Planet_151.jpg,Planet,Planet
Planet_154.jpg,Planet,Planet
Planet_157.jpg,Planet,SubSea
Planet_161.jpg,Planet,Planet
Planet_169.jpg,Planet,Planet
Planet_178.jpg,Planet,Baseball
Planet_179.jpg,Planet,Planet
Planet_183.jpg,Planet,Planet
Planet_185.jpg,Planet,Planet
Planet_188.jpg,Planet,Planet
Planet_191.jpg,Planet,Planet
Planet_196.jpg,Planet,Planet
Planet_197.jpg,Planet,Flower
Pumpkin_001.jpg,Pumpkin,Dog
Pumpkin_003.jpg,Pumpkin,Feasts
Pumpkin_009.jpg,Pumpkin,Flower
Pumpkin_018.jpg,Pumpkin,Volleyball
Pumpkin_027.jpg,Pumpkin,Masks
Pumpkin_029.jpg,Pumpkin,Surfs
Pumpkin_030.jpg,Pumpkin,Flower
Pumpkin_034.jpg,Pumpkin,Doors
Pumpkin_035.jpg,Pumpkin,Car
Pumpkin_037.jpg,Pumpkin,Feasts
Pumpkin_039.jpg,Pumpkin,Pumpkin
Pumpkin_042.jpg,Pumpkin,Indoor
Pumpkin_052.jpg,Pumpkin,Indoor
Pumpkin_053.jpg,Pumpkin,Dog
Pumpkin_055.jpg,Pumpkin,Grass
Pumpkin_056.jpg,Pumpkin,Tiger
Pumpkin_058.jpg,Pumpkin,Bus
Pumpkin_066.jpg,Pumpkin,Feasts
Pumpkin_069.jpg,Pumpkin,RacingMotor
Pumpkin_074.jpg,Pumpkin,Dog
Pumpkin_077.jpg,Pumpkin,Model
Pumpkin_078.jpg,Pumpkin,Pumpkin
Pumpkin_081.jpg,Pumpkin,ClassicalPainting
Pumpkin_083.jpg,Pumpkin,Dog
Pumpkin_085.jpg,Pumpkin,ClassicalPainting
Pumpkin_086.jpg,Pumpkin,SubSea
Pumpkin_087.jpg,Pumpkin,BWimage
Pumpkin_088.jpg,Pumpkin,Archit
Pumpkin_094.jpg,Pumpkin,ClassicalPainting
Pumpkin_096.jpg,Pumpkin,Doors
Pumpkin_098.jpg,Pumpkin,Stalactite
Pumpkin_108.jpg,Pumpkin,Cropcycle
Pumpkin_110.jpg,Pumpkin,SubSea
Pumpkin_115.jpg,Pumpkin,Sunflower
Pumpkin_116.jpg,Pumpkin,Pumpkin
Pumpkin_127.jpg,Pumpkin,Flower
Pumpkin_129.jpg,Pumpkin,Stalactite
Pumpkin_135.jpg,Pumpkin,Sunflower
Pumpkin_136.jpg,Pumpkin,Surfs
Pumpkin_139.jpg,Pumpkin,Sunflower
Pumpkin_140.jpg,Pumpkin,Cartoon
Pumpkin_141.jpg,Pumpkin,Model
Pumpkin_144.jpg,Pumpkin,Model
Pumpkin_148.jpg,Pumpkin,ClassicalPainting
Pumpkin_149.jpg,Pumpkin,Pumpkin
Pumpkin_152.jpg,Pumpkin,DeerAntelope
Pumpkin_153.jpg,Pumpkin,Stalactite
Pumpkin_156.jpg,Pumpkin,ClassicalPainting
Pumpkin_158.jpg,Pumpkin,ClassicalPainting
Pumpkin_159.jpg,Pumpkin,Flower
Pumpkin_161.jpg,Pumpkin,Cartoon
Pumpkin_162.jpg,Pumpkin,Flower
Pumpkin_163.jpg,Pumpkin,Penguin
Pumpkin_172.jpg,Pumpkin,ClassicalPainting
Pumpkin_178.jpg,Pumpkin,Doors
Pumpkin_182.jpg,Pumpkin,Sunflower
Pumpkin_184.jpg,Pumpkin,Basketball
Pumpkin_188.jpg,Pumpkin,Flower
Pumpkin_195.jpg,Pumpkin,Masks
Pumpkin_198.jpg,Pumpkin,Volleyball
RacingMotor_009.jpg,RacingMotor,Sunset
RacingMotor_011.jpg,RacingMotor,Doors
RacingMotor_014.jpg,RacingMotor,Lion
RacingMotor_024.jpg,RacingMotor,RacingMotor
RacingMotor_025.jpg,RacingMotor,RacingMotor
RacingMotor_026.jpg,RacingMotor,ClassicalPainting
RacingMotor_027.jpg,RacingMotor,RacingMotor
RacingMotor_028.jpg,RacingMotor,Soccer
RacingMotor_029.jpg,RacingMotor,RacingMotor
RacingMotor_035.jpg,RacingMotor,Billiardsball
RacingMotor_037.jpg,RacingMotor,Baseball
RacingMotor_043.jpg,RacingMotor,Billiardsball
RacingMotor_049.jpg,RacingMotor,Baseball
RacingMotor_050.jpg,RacingMotor,Soccer
RacingMotor_052.jpg,RacingMotor,Mountain
RacingMotor_054.jpg,RacingMotor,Baseball
RacingMotor_055.jpg,RacingMotor,Tennis
RacingMotor_059.jpg,RacingMotor,RacingMotor
RacingMotor_062.jpg,RacingMotor,Sunset
RacingMotor_063.jpg,RacingMotor,RacingMotor
RacingMotor_066.jpg,RacingMotor,Lion
RacingMotor_068.jpg,RacingMotor,Grass
RacingMotor_070.jpg,RacingMotor,Pumpkin
RacingMotor_071.jpg,RacingMotor,RacingMotor
RacingMotor_072.jpg,RacingMotor,Soccer
RacingMotor_075.jpg,RacingMotor,Dog
RacingMotor_078.jpg,RacingMotor,Penguin
RacingMotor_080.jpg,RacingMotor,RacingMotor
RacingMotor_085.jpg,RacingMotor,Car
RacingMotor_093.jpg,RacingMotor,Sunset
RacingMotor_095.jpg,RacingMotor,Baseball
RacingMotor_097.jpg,RacingMotor,Baseball
RacingMotor_098.jpg,RacingMotor,Waterfall
RacingMotor_100.jpg,RacingMotor,Elephant
RacingMotor_104.jpg,RacingMotor,Basketball
RacingMotor_107.jpg,RacingMotor,Basketball
RacingMotor_108.jpg,RacingMotor,Beach
RacingMotor_109.jpg,RacingMotor,Baseball
RacingMotor_116.jpg,RacingMotor,Plane
RacingMotor_129.jpg,RacingMotor,Mountain
RacingMotor_135.jpg,RacingMotor,ClassicalPainting
RacingMotor_138.jpg,RacingMotor,RacingMotor
RacingMotor_140.jpg,RacingMotor,RacingMotor
RacingMotor_141.jpg,RacingMotor,Sunset
RacingMotor_142.jpg,RacingMotor,Sky
RacingMotor_145.jpg,RacingMotor,Sky
RacingMotor_150.jpg,RacingMotor,Baseball
RacingMotor_152.jpg,RacingMotor,Feasts
RacingMotor_154.jpg,RacingMotor,Bus
RacingMotor_160.jpg,RacingMotor,Grass
RacingMotor_162.jpg,RacingMotor,Car
RacingMotor_166.jpg,RacingMotor,Dog
RacingMotor_177.jpg,RacingMotor,Sunset
RacingMotor_184.jpg,RacingMotor,Basketball
RacingMotor_185.jpg,RacingMotor,RacingMotor
RacingMotor_190.jpg,RacingMotor,RacingMotor
RacingMotor_192.jpg,RacingMotor,DeerAntelope
RacingMotor_196.jpg,RacingMotor,Soccer
RacingMotor_197.jpg,RacingMotor,Grass
RacingMotor_198.jpg,RacingMotor,Sunflower
Satelliteimage_004.jpg,Satelliteimage,Satelliteimage
Satelliteimage_010.jpg,Satelliteimage,Volleyball
Satelliteimage_014.jpg,Satelliteimage,Satelliteimage
Satelliteimage_015.jpg,Satelliteimage,Surfs
Satelliteimage_020.jpg,Satelliteimage,Indoor
Satelliteimage_023.jpg,Satelliteimage,Indoor
Satelliteimage_024.jpg,Satelliteimage,Bus
Satelliteimage_025.jpg,Satelliteimage,Indoor
Satelliteimage_026.jpg,Satelliteimage,Planet
Satelliteimage_029.jpg,Satelliteimage,Cropcycle
Satelliteimage_031.jpg,Satelliteimage,Satelliteimage
Satelliteimage_037.jpg,Satelliteimage,Cartoon
Satelliteimage_041.jpg,Satelliteimage,Satelliteimage
Satelliteimage_043.jpg,Satelliteimage,Satelliteimage
Satelliteimage_047.jpg,Satelliteimage,Volleyball
Satelliteimage_051.jpg,Satelliteimage,Bus
Satelliteimage_061.jpg,Satelliteimage,Satelliteimage
Satelliteimage_062.jpg,Satelliteimage,Satelliteimage
Satelliteimage_063.jpg,Satelliteimage,Satelliteimage
Satelliteimage_064.jpg,Satelliteimage,Soccer
Satelliteimage_067.jpg,Satelliteimage,Elephant
Satelliteimage_068.jpg,Satelliteimage,Satelliteimage
Satelliteimage_070.jpg,Satelliteimage,Car
Satelliteimage_077.jpg,Satelliteimage,Satelliteimage
Satelliteimage_084.jpg,Satelliteimage,Satelliteimage
Satelliteimage_091.jpg,Satelliteimage,Satelliteimage
Satelliteimage_094.jpg,Satelliteimage,Cartoon
Satelliteimage_103.jpg,Satelliteimage,Satelliteimage
Satelliteimage_104.jpg,Satelliteimage,Archit
Satelliteimage_108.jpg,Satelliteimage,Surfs
Satelliteimage_111.jpg,Satelliteimage,Doors
Satelliteimage_113.jpg,Satelliteimage,Doors
Satelliteimage_119.jpg,Satelliteimage,Cropcycle
Satelliteimage_125.jpg,Satelliteimage,Group
Satelliteimage_126.jpg,Satelliteimage,Lion
Satelliteimage_131.jpg,Satelliteimage,Satelliteimage
Satelliteimage_133.jpg,Satelliteimage,Satelliteimage
Satelliteimage_134.jpg,Satelliteimage,Satelliteimage
Satelliteimage_135.jpg,Satelliteimage,Elephant
Satelliteimage_136.jpg,Satelliteimage,Lion
Satelliteimage_139.jpg,Satelliteimage,Beach
Satelliteimage_141.jpg,Satelliteimage,Lion
Satelliteimage_146.jpg,Satelliteimage,Volleyball
Satelliteimage_155.jpg,Satelliteimage,Stalactite
Satelliteimage_158.jpg,Satelliteimage,Penguin
Satelliteimage_160.jpg,Satelliteimage,Stalactite
Satelliteimage_165.jpg,Satelliteimage,Doors
Satelliteimage_166.jpg,Satelliteimage,Sculpt
Satelliteimage_167.jpg,Satelliteimage,ClassicalPainting
Satelliteimage_174.jpg,Satelliteimage,Cartoon
Satelliteimage_175.jpg,Satelliteimage,Group
Satelliteimage_178.jpg,Satelliteimage,Sunflower
Satelliteimage_179.jpg,Satelliteimage,Sunflower
Satelliteimage_183.jpg,Satelliteimage,Sunflower
Satelliteimage_189.jpg,Satelliteimage,ClassicalPainting
Satelliteimage_190.jpg,Satelliteimage,Volleyball
Satelliteimage_192.jpg,Satelliteimage,Bus
Satelliteimage_194.jpg,Satelliteimage,Flower
Satelliteimage_195.jpg,Satelliteimage,Indoor
Satelliteimage_199.jpg,Satelliteimage,ClassicalPainting
Sculpt_010.jpg,Sculpt,Group
Sculpt_011.jpg,Sculpt,Penguin
Sculpt_013.jpg,Sculpt,Bus
Sculpt_016.jpg,Sculpt,Citynight
Sculpt_017.jpg,Sculpt,SubSea
Sculpt_022.jpg,Sculpt,Cropcycle
Sculpt_023.jpg,Sculpt,Stalactite
Sculpt_024.jpg,Sculpt,Citynight
Sculpt_026.jpg,Sculpt,Billiardsball
Sculpt_027.jpg,Sculpt,Masks
Sculpt_030.jpg,Sculpt,Indoor
Sculpt_037.jpg,Sculpt,Masks
Sculpt_038.jpg,Sculpt,Car
Sculpt_044.jpg,Sculpt,Flower
Sculpt_047.jpg,Sculpt,Castle
Sculpt_048.jpg,Sculpt,Dog
Sculpt_053.jpg,Sculpt,Group
Sculpt_055.jpg,Sculpt,DeerAntelope
Sculpt_057.jpg,Sculpt,Model
Sculpt_059.jpg,Sculpt,Waterfall
Sculpt_064.jpg,Sculpt,Eagle
Sculpt_066.jpg,Sculpt,Model
Sculpt_067.jpg,Sculpt,Model
Sculpt_070.jpg,Sculpt,Owls
Sculpt_082.jpg,Sculpt,Indoor
Sculpt_090.jpg,Sculpt,Ship
Sculpt_092.jpg,Sculpt,Bus
Sculpt_097.jpg,Sculpt,Waterfall
Sculpt_099.jpg,Sculpt,Volleyball
Sculpt_101.jpg,Sculpt,DeerAntelope
Sculpt_102.jpg,Sculpt,Indoor
Sculpt_103.jpg,Sculpt,Model
Sculpt_106.jpg,Sculpt,Car
Sculpt_107.jpg,Sculpt,Elephant
Sculpt_110.jpg,Sculpt,Sculpt
Sculpt_117.jpg,Sculpt,ClassicalPainting
Sculpt_118.jpg,Sculpt,Citynight
Sculpt_120.jpg,Sculpt,Citynight
Sculpt_123.jpg,Sculpt,Surfs
Sculpt_134.jpg,Sculpt,Sunflower
Sculpt_145.jpg,Sculpt,Bus
Sculpt_148.jpg,Sculpt,Group
Sculpt_151.jpg,Sculpt,Volleyball
Sculpt_152.jpg,Sculpt,Stalactite
Sculpt_154.jpg,Sculpt,Volleyball
Sculpt_156.jpg,Sculpt,Stalactite
Sculpt_158.jpg,Sculpt,Planet
Sculpt_160.jpg,Sculpt,Bus
Sculpt_165.jpg,Sculpt,Sculpt
Sculpt_166.jpg,Sculpt,Indoor
Sculpt_168.jpg,Sculpt,Sunflower
Sculpt_173.jpg,Sculpt,Masks
Sculpt_177.jpg,Sculpt,Castle
Sculpt_181.jpg,Sculpt,Citynight
Sculpt_184.jpg,Sculpt,Sculpt
Sculpt_186.jpg,Sculpt,Model
Sculpt_191.jpg,Sculpt,Sculpt
Sculpt_196.jpg,Sculpt,Castle
Sculpt_197.jpg,Sculpt,Dog
Sculpt_199.jpg,Sculpt,Tiger
Ship_005.jpg,Ship,Car
Ship_006.jpg,Ship,Ship
Ship_007.jpg,Ship,Ship
Ship_008.jpg,Ship,Ship
Ship_012.jpg,Ship,Ship
Ship_013.jpg,Ship,Ship
Ship_014.jpg,Ship,Sunflower
Ship_018.jpg,Ship,Ship
Ship_020.jpg,Ship,Plane
Ship_021.jpg,Ship,Ship
Ship_022.jpg,Ship,Car
Ship_027.jpg,Ship,Ship
Ship_033.jpg,Ship,Ship
Ship_036.jpg,Ship,Ship
Ship_047.jpg,Ship,Beach
Ship_048.jpg,Ship,Ship
Ship_058.jpg,Ship,Castle
Ship_059.jpg,Ship,Ship
Ship_069.jpg,Ship,Beach
Ship_074.jpg,Ship,Ship
Ship_079.jpg,Ship,Penguin
Ship_080.jpg,Ship,Ship
Ship_087.jpg,Ship,Ship
Ship_099.jpg,Ship,Ship
Ship_101.jpg,Ship,Sunset
Ship_103.jpg,Ship,Beach
Ship_104.jpg,Ship,Ship
Ship_106.jpg,Ship,Ship
Ship_115.jpg,Ship,Beach
Ship_116.jpg,Ship,Mountain
Ship_118.jpg,Ship,Ship
Ship_120.jpg,Ship,Sunset
Ship_123.jpg,Ship,Sky
Ship_124.jpg,Ship,Masks
Ship_127.jpg,Ship,Ship
Ship_132.jpg,Ship,Ship
Ship_133.jpg,Ship,Sunset
Ship_135.jpg,Ship,Ship
Ship_137.jpg,Ship,Penguin
Ship_142.jpg,Ship,Cartoon
Ship_144.jpg,Ship,Ship
Ship_145.jpg,Ship,Ship
Ship_149.jpg,Ship,Ship
Ship_150.jpg,Ship,Baseball
Ship_152.jpg,Ship,Ship
Ship_153.jpg,Ship,Group
Ship_157.jpg,Ship,Surfs
Ship_159.jpg,Ship,Surfs
Ship_163.jpg,Ship,Billiardsball
Ship_172.jpg,Ship,Archit
Ship_174.jpg,Ship,Feasts
Ship_181.jpg,Ship,Masks
Ship_187.jpg,Ship,Ship
Ship_189.jpg,Ship,Surfs
Ship_191.jpg,Ship,Planet
Ship_192.jpg,Ship,Ship
Ship_193.jpg,Ship,Plane
Ship_194.jpg,Ship,Car
Ship_196.jpg,Ship,Ship
Ship_200.jpg,Ship,Eagle
Sky_004.jpg,Sky,Penguin
Sky_005.jpg,Sky,Sky
Sky_007.jpg,Sky,Surfs
Sky_009.jpg,Sky,Sky
Sky_013.jpg,Sky,Baseball
Sky_014.jpg,Sky,Sky
Sky_015.jpg,Sky,Eagle
Sky_016.jpg,Sky,Sky
Sky_019.jpg,Sky,Sky
Sky_026.jpg,Sky,Sky
Sky_028.jpg,Sky,Sky
Sky_040.jpg,Sky,Eagle
Sky_052.jpg,Sky,Planet
Sky_053.jpg,Sky,Sky
Sky_060.jpg,Sky,Sky
Sky_063.jpg,Sky,Planet
Sky_067.jpg,Sky,Planet
Sky_069.jpg,Sky,Beach
Sky_072.jpg,Sky,Sky
Sky_077.jpg,Sky,Penguin
Sky_078.jpg,Sky,Sunset
Sky_082.jpg,Sky,Eagle
Sky_087.jpg,Sky,Doors
Sky_089.jpg,Sky,Sky
Sky_093.jpg,Sky,Sky
Sky_094.jpg,Sky,Sunset
Sky_098.jpg,Sky,Dog
Sky_101.jpg,Sky,Baseball
Sky_102.jpg,Sky,Sky
Sky_105.jpg,Sky,Sky
Sky_106.jpg,Sky,ClassicalPainting
Sky_107.jpg,Sky,Planet
Sky_118.jpg,Sky,Sky
Sky_125.jpg,Sky,Sky
Sky_127.jpg,Sky,Sky
Sky_132.jpg,Sky,Sky
Sky_133.jpg,Sky,Sky
Sky_135.jpg,Sky,Planet
Sky_136.jpg,Sky,Sunset
Sky_137.jpg,Sky,Sky
Sky_144.jpg,Sky,Sunset
Sky_146.jpg,Sky,Sky
Sky_147.jpg,Sky,Sky
Sky_148.jpg,Sky,Sky
Sky_151.jpg,Sky,Sky
Sky_158.jpg,Sky,Beach
Sky_159.jpg,Sky,Sky
Sky_160.jpg,Sky,Baseball
Sky_165.jpg,Sky,Sky
Sky_166.jpg,Sky,Sky
Sky_171.jpg,Sky,Sky
Sky_175.jpg,Sky,Sky
Sky_177.jpg,Sky,Sky
Sky_180.jpg,Sky,Beach
Sky_183.jpg,Sky,F1
Sky_187.jpg,Sky,Sky
Sky_188.jpg,Sky,Sky
Sky_189.jpg,Sky,Penguin
Sky_192.jpg,Sky,Dog
Sky_196.jpg,Sky,Sky
Soccer_007.jpg,Soccer,Cartoon
Soccer_008.jpg,Soccer,Owls
Soccer_009.jpg,Soccer,Soccer
Soccer_014.jpg,Soccer,Baseball
Soccer_016.jpg,Soccer,Volleyball
Soccer_021.jpg,Soccer,Soccer
Soccer_023.jpg,Soccer,Soccer
Soccer_024.jpg,Soccer,Soccer
Soccer_025.jpg,Soccer,RacingMotor
Soccer_029.jpg,Soccer,Soccer
Soccer_030.jpg,Soccer,Soccer
Soccer_031.jpg,Soccer,Soccer
Soccer_033.jpg,Soccer,Cartoon
Soccer_036.jpg,Soccer,Soccer
Soccer_037.jpg,Soccer,Soccer
Soccer_041.jpg,Soccer,Lion
Soccer_043.jpg,Soccer,Soccer
Soccer_045.jpg,Soccer,Soccer
Soccer_047.jpg,Soccer,Soccer
Soccer_049.jpg,Soccer,Beach
Soccer_061.jpg,Soccer,Doors
Soccer_062.jpg,Soccer,Soccer
Soccer_066.jpg,Soccer,Citynight
Soccer_070.jpg,Soccer,Doors
Soccer_071.jpg,Soccer,Baseball
Soccer_075.jpg,Soccer,Soccer
Soccer_076.jpg,Soccer,Soccer
Soccer_077.jpg,Soccer,Lion
Soccer_084.jpg,Soccer,Volleyball
Soccer_086.jpg,Soccer,Sunset
Soccer_089.jpg,Soccer,Soccer
Soccer_090.jpg,Soccer,Soccer
Soccer_095.jpg,Soccer,Baseball
Soccer_098.jpg,Soccer,Soccer
Soccer_099.jpg,Soccer,Soccer
Soccer_102.jpg,Soccer,BWimage
Soccer_103.jpg,Soccer,Basketball
Soccer_105.jpg,Soccer,ClassicalPainting
Soccer_111.jpg,Soccer,Soccer
Soccer_117.jpg,Soccer,Soccer
Soccer_118.jpg,Soccer,Soccer
Soccer_119.jpg,Soccer,Soccer
Soccer_120.jpg,Soccer,Basketball
Soccer_124.jpg,Soccer,Soccer
Soccer_126.jpg,Soccer,Cartoon
Soccer_129.jpg,Soccer,ClassicalPainting
Soccer_135.jpg,Soccer,Basketball
Soccer_140.jpg,Soccer,Basketball
Soccer_142.jpg,Soccer,Soccer
Soccer_146.jpg,Soccer,Flower
Soccer_147.jpg,Soccer,Tennis
Soccer_149.jpg,Soccer,Baseball
Soccer_151.jpg,Soccer,Sunflower
Soccer_161.jpg,Soccer,Model
Soccer_167.jpg,Soccer,Sunflower
Soccer_171.jpg,Soccer,Sunflower
Soccer_174.jpg,Soccer,Cartoon
Soccer_177.jpg,Soccer,Penguin
Soccer_188.jpg,Soccer,Sunflower
Soccer_189.jpg,Soccer,Soccer
Stalactite_002.jpg,Stalactite,Stalactite
Stalactite_021.jpg,Stalactite,Indoor
Stalactite_023.jpg,Stalactite,ClassicalPainting
Stalactite_025.jpg,Stalactite,Tiger
Stalactite_028.jpg,Stalactite,Indoor
Stalactite_032.jpg,Stalactite,Stalactite
Stalactite_034.jpg,Stalactite,Stalactite
Stalactite_036.jpg,Stalactite,Basketball
Stalactite_037.jpg,Stalactite,Citynight
Stalactite_040.jpg,Stalactite,Owls
Stalactite_041.jpg,Stalactite,Stalactite
Stalactite_046.jpg,Stalactite,Dog
Stalactite_051.jpg,Stalactite,Stalactite
Stalactite_052.jpg,Stalactite,Tiger
Stalactite_054.jpg,Stalactite,Elephant
Stalactite_056.jpg,Stalactite,Stalactite
Stalactite_058.jpg,Stalactite,Group
Stalactite_062.jpg,Stalactite,ClassicalPainting
Stalactite_063.jpg,Stalactite,DeerAntelope
Stalactite_066.jpg,Stalactite,Tiger
Stalactite_070.jpg,Stalactite,ClassicalPainting
Stalactite_077.jpg,Stalactite,Citynight
Stalactite_083.jpg,Stalactite,Stalactite
Stalactite_086.jpg,Stalactite,Stalactite
Stalactite_089.jpg,Stalactite,SubSea
Stalactite_096.jpg,Stalactite,Stalactite
Stalactite_100.jpg,Stalactite,Archit
Stalactite_101.jpg,Stalactite,Stalactite
Stalactite_110.jpg,Stalactite,Waterfall
Stalactite_114.jpg,Stalactite,Owls
Stalactite_115.jpg,Stalactite,Stalactite
Stalactite_118.jpg,Stalactite,Tiger
Stalactite_126.jpg,Stalactite,Cartoon
Stalactite_129.jpg,Stalactite,Grass
Stalactite_132.jpg,Stalactite,Grass
Stalactite_133.jpg,Stalactite,Dog
Stalactite_136.jpg,Stalactite,ClassicalPainting
Stalactite_138.jpg,Stalactite,Masks
Stalactite_139.jpg,Stalactite,Tiger
Stalactite_140.jpg,Stalactite,Group
Stalactite_144.jpg,Stalactite,Tiger
Stalactite_145.jpg,Stalactite,Tiger
Stalactite_148.jpg,Stalactite,Archit
Stalactite_150.jpg,Stalactite,Dog
Stalactite_157.jpg,Stalactite,Indoor
Stalactite_160.jpg,Stalactite,ClassicalPainting
Stalactite_163.jpg,Stalactite,Lion
Stalactite_165.jpg,Stalactite,Doors
Stalactite_169.jpg,Stalactite,Indoor
Stalactite_170.jpg,Stalactite,Owls
Stalactite_172.jpg,Stalactite,Flower
Stalactite_179.jpg,Stalactite,Cropcycle
Stalactite_183.jpg,Stalactite,Owls
Stalactite_190.jpg,Stalactite,Stalactite
Stalactite_194.jpg,Stalactite,ClassicalPainting
Stalactite_195.jpg,Stalactite,Archit
Stalactite_196.jpg,Stalactite,Stalactite
Stalactite_197.jpg,Stalactite,Model
Stalactite_198.jpg,Stalactite,Feasts
Stalactite_199.jpg,Stalactite,Citynight
SubSea_011.jpg,SubSea,Citynight
SubSea_016.jpg,SubSea,Sunset
SubSea_018.jpg,SubSea,Sunset
SubSea_022.jpg,SubSea,SubSea
SubSea_024.jpg,SubSea,DeerAntelope
SubSea_028.jpg,SubSea,Tiger
SubSea_029.jpg,SubSea,Soccer
SubSea_032.jpg,SubSea,Citynight
SubSea_035.jpg,SubSea,SubSea
SubSea_039.jpg,SubSea,Masks
SubSea_045.jpg,SubSea,Citynight
SubSea_046.jpg,SubSea,Feasts
SubSea_047.jpg,SubSea,Flower
SubSea_048.jpg,SubSea,Sunflower
SubSea_049.jpg,SubSea,SubSea
SubSea_051.jpg,SubSea,Sunset
SubSea_055.jpg,SubSea,Tiger
SubSea_056.jpg,SubSea,SubSea
SubSea_060.jpg,SubSea,SubSea
SubSea_071.jpg,SubSea,SubSea
SubSea_072.jpg,SubSea,Sunflower
SubSea_074.jpg,SubSea,Citynight
SubSea_079.jpg,SubSea,Baseball
SubSea_081.jpg,SubSea,Group
SubSea_082.jpg,SubSea,Masks
SubSea_085.jpg,SubSea,Citynight
SubSea_089.jpg,SubSea,Eagle
SubSea_090.jpg,SubSea,Masks
SubSea_092.jpg,SubSea,Owls
SubSea_098.jpg,SubSea,SubSea
SubSea_104.jpg,SubSea,SubSea
SubSea_109.jpg,SubSea,Owls
SubSea_113.jpg,SubSea,Flower
SubSea_116.jpg,SubSea,Eagle
SubSea_117.jpg,SubSea,Cartoon
SubSea_121.jpg,SubSea,Masks
SubSea_127.jpg,SubSea,Grass
SubSea_128.jpg,SubSea,Flower
SubSea_130.jpg,SubSea,Citynight
SubSea_140.jpg,SubSea,Masks
SubSea_141.jpg,SubSea,Masks
SubSea_143.jpg,SubSea,Flower
SubSea_145.jpg,SubSea,Sunflower
SubSea_149.jpg,SubSea,Soccer
SubSea_157.jpg,SubSea,Soccer
SubSea_158.jpg,SubSea,SubSea
SubSea_162.jpg,SubSea,Owls
SubSea_164.jpg,SubSea,SubSea
SubSea_166.jpg,SubSea,Masks
SubSea_167.jpg,SubSea,Doors
SubSea_171.jpg,SubSea,Owls
SubSea_173.jpg,SubSea,SubSea
SubSea_176.jpg,SubSea,Citynight
SubSea_177.jpg,SubSea,Planet
SubSea_181.jpg,SubSea,Elephant
SubSea_188.jpg,SubSea,SubSea
SubSea_190.jpg,SubSea,Owls
SubSea_194.jpg,SubSea,Sunflower
SubSea_196.jpg,SubSea,Planet
SubSea_200.jpg,SubSea,SubSea
Sunflower_003.jpg,Sunflower,Tennis
Sunflower_004.jpg,Sunflower,ClassicalPainting
Sunflower_005.jpg,Sunflower,Sunflower
Sunflower_008.jpg,Sunflower,Surfs
Sunflower_014.jpg,Sunflower,Sunflower
Sunflower_023.jpg,Sunflower,Citynight
Sunflower_024.jpg,Sunflower,Citynight
Sunflower_025.jpg,Sunflower,Citynight
Sunflower_026.jpg,Sunflower,Sunflower
Sunflower_027.jpg,Sunflower,Cartoon
Sunflower_028.jpg,Sunflower,Sunflower
Sunflower_031.jpg,Sunflower,Citynight
Sunflower_034.jpg,Sunflower,Model
Sunflower_040.jpg,Sunflower,Sunflower
Sunflower_052.jpg,Sunflower,Feasts
Sunflower_059.jpg,Sunflower,Sunflower
Sunflower_060.jpg,Sunflower,Flower
Sunflower_065.jpg,Sunflower,Planet
Sunflower_068.jpg,Sunflower,Sunflower
Sunflower_080.jpg,Sunflower,Pumpkin
Sunflower_083.jpg,Sunflower,Flower
Sunflower_084.jpg,Sunflower,Penguin
Sunflower_085.jpg,Sunflower,Beach
Sunflower_087.jpg,Sunflower,Doors
Sunflower_088.jpg,Sunflower,Sunflower
Sunflower_090.jpg,Sunflower,Citynight
Sunflower_098.jpg,Sunflower,Sunflower
Sunflower_099.jpg,Sunflower,Doors
Sunflower_101.jpg,Sunflower,Sunflower
Sunflower_104.jpg,Sunflower,Sunflower
Sunflower_106.jpg,Sunflower,Sunflower
Sunflower_109.jpg,Sunflower,Lion
Sunflower_112.jpg,Sunflower,Indoor
Sunflower_114.jpg,Sunflower,Sunflower
Sunflower_115.jpg,Sunflower,Sunflower
Sunflower_117.jpg,Sunflower,Sunflower
Sunflower_118.jpg,Sunflower,Sunflower
Sunflower_119.jpg,Sunflower,Flower
Sunflower_131.jpg,Sunflower,Surfs
Sunflower_133.jpg,Sunflower,Waterfall
Sunflower_134.jpg,Sunflower,Dog
Sunflower_135.jpg,Sunflower,Citynight
Sunflower_139.jpg,Sunflower,Tiger
Sunflower_148.jpg,Sunflower,Sunflower
Sunflower_157.jpg,Sunflower,Sunflower
Sunflower_163.jpg,Sunflower,Penguin
Sunflower_164.jpg,Sunflower,AncestorDinoArt
Sunflower_168.jpg,Sunflower,Sunflower
Sunflower_170.jpg,Sunflower,Sunflower
Sunflower_171.jpg,Sunflower,Sunflower
Sunflower_185.jpg,Sunflower,Group
Sunflower_186.jpg,Sunflower,Sunflower
Sunflower_189.jpg,Sunflower,Flower
Sunflower_190.jpg,Sunflower,Soccer
Sunflower_191.jpg,Sunflower,Beach
Sunflower_192.jpg,Sunflower,Sunflower
Sunflower_193.jpg,Sunflower,Grass
Sunflower_194.jpg,Sunflower,Beach
Sunflower_195.jpg,Sunflower,Sunflower
Sunflower_198.jpg,Sunflower,Sunflower
Sunset_001.jpg,Sunset,Sunset
Sunset_004.jpg,Sunset,Sky
Sunset_005.jpg,Sunset,Sunset
Sunset_006.jpg,Sunset,Sunset
Sunset_012.jpg,Sunset,Penguin
Sunset_017.jpg,Sunset,Sunset
Sunset_023.jpg,Sunset,Grass
Sunset_025.jpg,Sunset,Surfs
Sunset_028.jpg,Sunset,Surfs
Sunset_033.jpg,Sunset,Sunset
Sunset_034.jpg,Sunset,Sunset
Sunset_035.jpg,Sunset,Sunset
Sunset_036.jpg,Sunset,Sunset
Sunset_038.jpg,Sunset,Sunset
Sunset_039.jpg,Sunset,Sunset
Sunset_041.jpg,Sunset,SubSea
Sunset_042.jpg,Sunset,Sunset
Sunset_046.jpg,Sunset,Sunset
Sunset_051.jpg,Sunset,Sunset
Sunset_052.jpg,Sunset,Sunset
Sunset_055.jpg,Sunset,Sky
Sunset_056.jpg,Sunset,Sunset
Sunset_058.jpg,Sunset,Sunset
Sunset_061.jpg,Sunset,Sunset
Sunset_066.jpg,Sunset,Sunset
Sunset_069.jpg,Sunset,Sunset
Sunset_071.jpg,Sunset,Billiardsball
Sunset_072.jpg,Sunset,Planet
Sunset_075.jpg,Sunset,Sunset
Sunset_088.jpg,Sunset,Sunset
Sunset_094.jpg,Sunset,Sunset
Sunset_098.jpg,Sunset,Sunset
Sunset_100.jpg,Sunset,SubSea
Sunset_101.jpg,Sunset,Sunset
Sunset_109.jpg,Sunset,SubSea
Sunset_110.jpg,Sunset,Surfs
Sunset_112.jpg,Sunset,Beach
Sunset_116.jpg,Sunset,Sunset
Sunset_117.jpg,Sunset,Sky
Sunset_120.jpg,Sunset,Planet
Sunset_127.jpg,Sunset,Sunset
Sunset_131.jpg,Sunset,Indoor
Sunset_132.jpg,Sunset,Cartoon
Sunset_135.jpg,Sunset,Sunset
Sunset_139.jpg,Sunset,Beach
Sunset_144.jpg,Sunset,SubSea
Sunset_145.jpg,Sunset,SubSea
Sunset_151.jpg,Sunset,Sunset
Sunset_153.jpg,Sunset,Beach
Sunset_166.jpg,Sunset,Billiardsball
Sunset_172.jpg,Sunset,SubSea
Sunset_176.jpg,Sunset,Sunset
Sunset_177.jpg,Sunset,Sunset
Sunset_178.jpg,Sunset,Sunset
Sunset_179.jpg,Sunset,Sunset
Sunset_180.jpg,Sunset,Sunset
Sunset_183.jpg,Sunset,Mountain
Sunset_194.jpg,Sunset,Sunset
Sunset_195.jpg,Sunset,Sunset
Sunset_197.jpg,Sunset,ClassicalPainting
Surfs_001.jpg,Surfs,Waterfall
Surfs_004.jpg,Surfs,Mountain
Surfs_009.jpg,Surfs,Surfs
Surfs_013.jpg,Surfs,Surfs
Surfs_014.jpg,Surfs,Doors
Surfs_019.jpg,Surfs,Surfs
Surfs_025.jpg,Surfs,Dog
Surfs_026.jpg,Surfs,Sculpt
Surfs_027.jpg,Surfs,Mountain
Surfs_028.jpg,Surfs,Surfs
Surfs_031.jpg,Surfs,Eagle
Surfs_034.jpg,Surfs,Car
Surfs_035.jpg,Surfs,Penguin
Surfs_036.jpg,Surfs,Cartoon
Surfs_037.jpg,Surfs,Ship
Surfs_040.jpg,Surfs,Sunset
Surfs_041.jpg,Surfs,Surfs
Surfs_046.jpg,Surfs,Surfs
Surfs_050.jpg,Surfs,Beach
Surfs_051.jpg,Surfs,Beach
Surfs_054.jpg,Surfs,Surfs
Surfs_056.jpg,Surfs,Planet
Surfs_061.jpg,Surfs,Mountain
Surfs_062.jpg,Surfs,Sky
Surfs_065.jpg,Surfs,Grass
Surfs_066.jpg,Surfs,Waterfall
Surfs_070.jpg,Surfs,Beach
Surfs_072.jpg,Surfs,Surfs
Surfs_074.jpg,Surfs,Sunset
Surfs_079.jpg,Surfs,Flower
Surfs_080.jpg,Surfs,Beach
Surfs_090.jpg,Surfs,Eagle
Surfs_097.jpg,Surfs,Surfs
Surfs_101.jpg,Surfs,Beach
Surfs_102.jpg,Surfs,Beach
Surfs_110.jpg,Surfs,Surfs
Surfs_116.jpg,Surfs,Beach
Surfs_118.jpg,Surfs,Castle
Surfs_120.jpg,Surfs,AncestorDinoArt
Surfs_125.jpg,Surfs,AncestorDinoArt
Surfs_126.jpg,Surfs,Sculpt
Surfs_129.jpg,Surfs,Surfs
Surfs_130.jpg,Surfs,Sunflower
Surfs_143.jpg,Surfs,Cropcycle
Surfs_144.jpg,Surfs,Beach
Surfs_145.jpg,Surfs,Grass
Surfs_149.jpg,Surfs,Grass
Surfs_153.jpg,Surfs,Basketball
Surfs_154.jpg,Surfs,Car
Surfs_155.jpg,Surfs,Surfs
Surfs_163.jpg,Surfs,Plane
Surfs_166.jpg,Surfs,Surfs
Surfs_169.jpg,Surfs,Grass
Surfs_176.jpg,Surfs,Tiger
Surfs_178.jpg,Surfs,Sunset
Surfs_179.jpg,Surfs,Surfs
Surfs_184.jpg,Surfs,Plane
Surfs_186.jpg,Surfs,Penguin
Surfs_195.jpg,Surfs,Surfs
Surfs_197.jpg,Surfs,Eagle
Tennis_002.jpg,Tennis,Basketball
Tennis_013.jpg,Tennis,Grass
Tennis_014.jpg,Tennis,Soccer
Tennis_016.jpg,Tennis,Soccer
Tennis_024.jpg,Tennis,Bus
Tennis_033.jpg,Tennis,Basketball
Tennis_034.jpg,Tennis,Doors
Tennis_043.jpg,Tennis,Soccer
Tennis_044.jpg,Tennis,Cropcycle
Tennis_052.jpg,Tennis,Billiardsball
Tennis_053.jpg,Tennis,Indoor
Tennis_057.jpg,Tennis,Tennis
Tennis_058.jpg,Tennis,Tennis
Tennis_060.jpg,Tennis,Tennis
Tennis_065.jpg,Tennis,Lion
Tennis_072.jpg,Tennis,Tennis
Tennis_076.jpg,Tennis,Tennis
Tennis_078.jpg,Tennis,Soccer
Tennis_079.jpg,Tennis,Tennis
Tennis_090.jpg,Tennis,Tennis
Tennis_092.jpg,Tennis,RacingMotor
Tennis_097.jpg,Tennis,Tennis
Tennis_100.jpg,Tennis,Baseball
Tennis_103.jpg,Tennis,Tennis
Tennis_104.jpg,Tennis,Feasts
Tennis_105.jpg,Tennis,Tennis
Tennis_107.jpg,Tennis,Tennis
Tennis_111.jpg,Tennis,Tiger
Tennis_115.jpg,Tennis,Tennis
Tennis_116.jpg,Tennis,Stalactite
Tennis_118.jpg,Tennis,Tennis
Tennis_119.jpg,Tennis,Basketball
Tennis_121.jpg,Tennis,Basketball
Tennis_122.jpg,Tennis,Tennis
Tennis_124.jpg,Tennis,Tennis
Tennis_129.jpg,Tennis,Soccer
Tennis_131.jpg,Tennis,Tennis
Tennis_134.jpg,Tennis,Beach
Tennis_139.jpg,Tennis,Model
Tennis_140.jpg,Tennis,Cartoon
Tennis_143.jpg,Tennis,Doors
Tennis_144.jpg,Tennis,Tennis
Tennis_149.jpg,Tennis,Tennis
Tennis_153.jpg,Tennis,Tennis
Tennis_155.jpg,Tennis,Tennis
Tennis_158.jpg,Tennis,F1
Tennis_164.jpg,Tennis,Cartoon
Tennis_166.jpg,Tennis,Tennis
Tennis_168.jpg,Tennis,Tennis
Tennis_169.jpg,Tennis,Basketball
Tennis_170.jpg,Tennis,Group
Tennis_172.jpg,Tennis,Tennis
Tennis_178.jpg,Tennis,Tennis
Tennis_185.jpg,Tennis,Soccer
Tennis_190.jpg,Tennis,Tennis
Tennis_192.jpg,Tennis,Tennis
Tennis_193.jpg,Tennis,Tennis
Tennis_194.jpg,Tennis,Doors
Tennis_195.jpg,Tennis,Doors
Tennis_197.jpg,Tennis,Doors
Tiger_004.jpg,Tiger,Group
Tiger_005.jpg,Tiger,Stalactite
Tiger_006.jpg,Tiger,AncestorDinoArt
Tiger_007.jpg,Tiger,Stalactite
Tiger_010.jpg,Tiger,Citynight
Tiger_013.jpg,Tiger,Tiger
Tiger_019.jpg,Tiger,Group
Tiger_021.jpg,Tiger,Group
Tiger_025.jpg,Tiger,Tiger
Tiger_027.jpg,Tiger,Tiger
Tiger_033.jpg,Tiger,Model
Tiger_034.jpg,Tiger,Sunflower
Tiger_037.jpg,Tiger,Doors
Tiger_038.jpg,Tiger,Tiger
Tiger_040.jpg,Tiger,Tiger
Tiger_041.jpg,Tiger,Tiger
Tiger_042.jpg,Tiger,Tiger
Tiger_043.jpg,Tiger,Stalactite
Tiger_048.jpg,Tiger,Sunflower
Tiger_052.jpg,Tiger,Tiger
Tiger_061.jpg,Tiger,Tiger
Tiger_063.jpg,Tiger,ClassicalPainting
Tiger_068.jpg,Tiger,Citynight
Tiger_074.jpg,Tiger,ClassicalPainting
Tiger_077.jpg,Tiger,Group
Tiger_084.jpg,Tiger,Waterfall
Tiger_085.jpg,Tiger,Sunflower
Tiger_087.jpg,Tiger,Feasts
Tiger_088.jpg,Tiger,Feasts
Tiger_093.jpg,Tiger,Owls
Tiger_094.jpg,Tiger,Ship
Tiger_096.jpg,Tiger,Flower
Tiger_103.jpg,Tiger,Tiger
Tiger_105.jpg,Tiger,Group
Tiger_107.jpg,Tiger,Sunflower
Tiger_109.jpg,Tiger,Lion
Tiger_112.jpg,Tiger,Tiger
Tiger_114.jpg,Tiger,Masks
Tiger_115.jpg,Tiger,Grass
Tiger_117.jpg,Tiger,Citynight
Tiger_119.jpg,Tiger,Tiger
Tiger_123.jpg,Tiger,Tiger
Tiger_125.jpg,Tiger,Tiger
Tiger_126.jpg,Tiger,Stalactite
Tiger_132.jpg,Tiger,Flower
Tiger_136.jpg,Tiger,Sunflower
Tiger_139.jpg,Tiger,Masks
Tiger_143.jpg,Tiger,Tiger
Tiger_146.jpg,Tiger,Masks
Tiger_149.jpg,Tiger,Elephant
Tiger_151.jpg,Tiger,Tiger
Tiger_153.jpg,Tiger,Sunflower
Tiger_156.jpg,Tiger,Doors
Tiger_167.jpg,Tiger,Tiger
Tiger_171.jpg,Tiger,Cartoon
Tiger_174.jpg,Tiger,Sculpt
Tiger_182.jpg,Tiger,Tiger
Tiger_183.jpg,Tiger,Sunflower
Tiger_198.jpg,Tiger,Tiger
Tiger_199.jpg,Tiger,Tiger
Volleyball_003.jpg,Volleyball,Flower
Volleyball_004.jpg,Volleyball,Volleyball
Volleyball_010.jpg,Volleyball,Volleyball
Volleyball_012.jpg,Volleyball,Volleyball
Volleyball_015.jpg,Volleyball,Soccer
Volleyball_024.jpg,Volleyball,Volleyball
Volleyball_025.jpg,Volleyball,Cartoon
Volleyball_032.jpg,Volleyball,Dog
Volleyball_034.jpg,Volleyball,Volleyball
Volleyball_035.jpg,Volleyball,Volleyball
Volleyball_040.jpg,Volleyball,Soccer
Volleyball_041.jpg,Volleyball,Mountain
Volleyball_042.jpg,Volleyball,Volleyball
Volleyball_043.jpg,Volleyball,Flower
Volleyball_045.jpg,Volleyball,Volleyball
Volleyball_047.jpg,Volleyball,Flower
Volleyball_048.jpg,Volleyball,Volleyball
Volleyball_049.jpg,Volleyball,Volleyball
Volleyball_050.jpg,Volleyball,Soccer
Volleyball_055.jpg,Volleyball,Volleyball
Volleyball_058.jpg,Volleyball,Lion
Volleyball_071.jpg,Volleyball,Flower
Volleyball_074.jpg,Volleyball,Feasts
Volleyball_078.jpg,Volleyball,Volleyball
Volleyball_081.jpg,Volleyball,Soccer
Volleyball_084.jpg,Volleyball,Baseball
Volleyball_088.jpg,Volleyball,Flower
Volleyball_093.jpg,Volleyball,Baseball
Volleyball_094.jpg,Volleyball,Volleyball
Volleyball_095.jpg,Volleyball,Volleyball
Volleyball_100.jpg,Volleyball,Cartoon
Volleyball_103.jpg,Volleyball,Volleyball
Volleyball_104.jpg,Volleyball,Baseball
Volleyball_108.jpg,Volleyball,Basketball
Volleyball_110.jpg,Volleyball,Eagle
Volleyball_111.jpg,Volleyball,Volleyball
Volleyball_113.jpg,Volleyball,Doors
Volleyball_118.jpg,Volleyball,Cartoon
Volleyball_119.jpg,Volleyball,Volleyball
Volleyball_125.jpg,Volleyball,Mountain
Volleyball_128.jpg,Volleyball,Elephant
Volleyball_138.jpg,Volleyball,Sunflower
Volleyball_142.jpg,Volleyball,Soccer
Volleyball_143.jpg,Volleyball,ClassicalPainting
Volleyball_150.jpg,Volleyball,Group
Volleyball_152.jpg,Volleyball,Feasts
Volleyball_153.jpg,Volleyball,Feasts
Volleyball_154.jpg,Volleyball,Sunflower
Volleyball_155.jpg,Volleyball,Feasts
Volleyball_160.jpg,Volleyball,Group
Volleyball_161.jpg,Volleyball,Feasts
Volleyball_162.jpg,Volleyball,Cropcycle
Volleyball_171.jpg,Volleyball,Basketball
Volleyball_174.jpg,Volleyball,Volleyball
Volleyball_177.jpg,Volleyball,Basketball
Volleyball_178.jpg,Volleyball,Volleyball
Volleyball_183.jpg,Volleyball,Volleyball
Volleyball_192.jpg,Volleyball,Volleyball
Volleyball_197.jpg,Volleyball,Volleyball
Volleyball_200.jpg,Volleyball,Volleyball
Waterfall_002.jpg,Waterfall,Waterfall
Waterfall_006.jpg,Waterfall,DeerAntelope
Waterfall_007.jpg,Waterfall,Doors
Waterfall_018.jpg,Waterfall,Model
Waterfall_019.jpg,Waterfall,Owls
Waterfall_021.jpg,Waterfall,Grass
Waterfall_024.jpg,Waterfall,Planet
Waterfall_028.jpg,Waterfall,Indoor
Waterfall_033.jpg,Waterfall,Waterfall
Waterfall_037.jpg,Waterfall,Dog
Waterfall_042.jpg,Waterfall,ClassicalPainting
Waterfall_046.jpg,Waterfall,Bus
Waterfall_047.jpg,Waterfall,Penguin
Waterfall_048.jpg,Waterfall,Doors
Waterfall_053.jpg,Waterfall,Group
Waterfall_057.jpg,Waterfall,SubSea
Waterfall_060.jpg,Waterfall,Waterfall
Waterfall_061.jpg,Waterfall,Waterfall
Waterfall_062.jpg,Waterfall,Waterfall
Waterfall_065.jpg,Waterfall,Waterfall
Waterfall_066.jpg,Waterfall,Waterfall
Waterfall_067.jpg,Waterfall,F1
Waterfall_073.jpg,Waterfall,SubSea
Waterfall_074.jpg,Waterfall,Waterfall
Waterfall_076.jpg,Waterfall,Baseball
Waterfall_081.jpg,Waterfall,Waterfall
Waterfall_086.jpg,Waterfall,Eagle
Waterfall_091.jpg,Waterfall,Waterfall
Waterfall_099.jpg,Waterfall,Beach
Waterfall_105.jpg,Waterfall,Waterfall
Waterfall_115.jpg,Waterfall,Waterfall
Waterfall_116.jpg,Waterfall,Dog
Waterfall_117.jpg,Waterfall,Waterfall
Waterfall_119.jpg,Waterfall,Waterfall
Waterfall_122.jpg,Waterfall,Volleyball
Waterfall_124.jpg,Waterfall,Waterfall
Waterfall_126.jpg,Waterfall,Waterfall
Waterfall_130.jpg,Waterfall,Grass
Waterfall_133.jpg,Waterfall,Owls
Waterfall_134.jpg,Waterfall,Grass
Waterfall_135.jpg,Waterfall,Elephant
Waterfall_137.jpg,Waterfall,Waterfall
Waterfall_140.jpg,Waterfall,Dog
Waterfall_142.jpg,Waterfall,Waterfall
Waterfall_144.jpg,Waterfall,Waterfall
Waterfall_149.jpg,Waterfall,Lion
Waterfall_152.jpg,Waterfall,Waterfall
Waterfall_153.jpg,Waterfall,Surfs
Waterfall_155.jpg,Waterfall,Grass
Waterfall_161.jpg,Waterfall,Stalactite
Waterfall_170.jpg,Waterfall,Waterfall
Waterfall_174.jpg,Waterfall,Model
Waterfall_177.jpg,Waterfall,Waterfall
Waterfall_183.jpg,Waterfall,Waterfall
Waterfall_185.jpg,Waterfall,Waterfall
Waterfall_186.jpg,Waterfall,BWimage
Waterfall_190.jpg,Waterfall,Waterfall
Waterfall_193.jpg,Waterfall,Stalactite
Waterfall_194.jpg,Waterfall,Indoor
Waterfall_195.jpg,Waterfall,Doors
